title,,,,,,,,,,,,,,,,,,,,,,,,,,,,,,,,
Update:,AITA,For,Pouring,my,Husbands,Sweet,Tea,Down,the,Drain?,,,,,,,,,,,,,,,,,,,,,,
AITA,for,being,honest,about,how,I,was,bullied,and,how,the,teachers,at,my,school,did,nothing,about,it,while,being,interviewed,by,a,current,student?,,,,,,
Update:,AITA,for,telling,my,parents,they,only,have,one,daughter,and,she,is,six,feet,in,the,ground.,,,,,,,,,,,,,,
AITA,for,telling,my,boyfriend's,co-worker,that,we're,not,married?,,,,,,,,,,,,,,,,,,,,,,,
UPDATE:,AITA,for,Trying,to,Send,my,Deaf,Daughter,to,a,School,that,Won't,Hire,an,Interpreter?,,,,,,,,,,,,,,,,
AITA,for,calling,a,woman,an,idiot,when,she,refused,listen,to,why,my,daughter,isn't,vaccinated?,,,,,,,,,,,,,,,,
AITA,for,telling,my,roommates,gf,that,she's,not,woke,if,she's,wrong,,,,,,,,,,,,,,,,,,,,
AITA,for,telling,my,mom,we,haven’t,had,a,good,relationship,in,a,long,time,and,I,wanted,to,go,live,with,my,dad?,,,,,,,,,
WIBTA,If,I,sued,my,boyfriend’s,elderly,mother,and,pressed,charges,against,her?,,,,,,,,,,,,,,,,,,,,
AITA,For,not,switching,places,with,my,friend,and,ruining,her,life,,,,,,,,,,,,,,,,,,,,,
AITA,for,'going,off',on,a,mother,in,the,toy,store,,,,,,,,,,,,,,,,,,,,,,
AITA,For,kicking,my,friend,out,of,my,house,after,what,she,did?,,,,,,,,,,,,,,,,,,,,
AITA,For,Telling,My,Sister,She,Was,Dating,My,Bio-Father?,,,,,,,,,,,,,,,,,,,,,,,
AITA,for,laughing,at,my,mom,after,she,and,my,dad,insisted,i,tell,my,friend’s,boyfriend,to,leave,my,house?,,,,,,,,,,,,
AITA,for,not,letting,my,boyfriend,name,our,daughter,Renesmae?,,,,,,,,,,,,,,,,,,,,,,,
AITA,for,telling,my,wife,that,she,needed,to,be,a,my,graduation,an,hour,before,she,needed,to,because,she,is,always,late,for,things?,,,,,,,
AITA,for,not,changing,my,rules,and,terminating,care?,,,,,,,,,,,,,,,,,,,,,,,,
AITA,For,reporting,my,therapist,after,she,disclosed,information,to,my,stepmom?,,,,,,,,,,,,,,,,,,,,,
AITA,For,kicking,my,stepbrother,and,his,friends,out,after,what,they,did,at,my,engagement,party?,,,,,,,,,,,,,,,,
Update:,AITA,for,not,wanting,to,sign,away,my,rights?,,,,,,,,,,,,,,,,,,,,,,,
AITA,for,holding,a,text,(I,read,by,snooping),against,my,dad,and,stepmom,for,6,years,now?,,,,,,,,,,,,,,,
AITA,for,calling,the,police,because,the,family,I,tutor,for,keep,leaving,me,with,the,kid?,,,,,,,,,,,,,,,,
AITA,for,getting,my,neighbors,car,towed,for,blocking,me,in,my,garage,and,now,they,want,me,to,pay,for,their,tow,fee,and,ticket,for,calling,to,get,them,towed,
AITA,for,showing,my(M22),roommate,a,security,camera,footage,of,her(F23),having,sex,in,my,room?,,,,,,,,,,,,,,,,,
AITA,For,Not,Punishing,or,Reporting,Student,,,,,,,,,,,,,,,,,,,,,,,,,,
AITA,for,Putting,my,Kids,Non-Emergency,Surgery,Above,my,Sick,GF,,,,,,,,,,,,,,,,,,,,,,
AITA,for,telling,my,husband,and,his,family,to,suck,it,up,when,they,complained,about,my,daughters,wedding?,,,,,,,,,,,,,,
AITA,for,kicking,my,friend,out,of,my,car,and,telling,her,to,never,call,me,for,a,ride?,,,,,,,,,,,,,,
AITA,for,not,wanting,to,leave,my,own,apartment?,,,,,,,,,,,,,,,,,,,,,,,,
AITA,for,asking,my,friend,to,stop,the,way,she,shows,off,her,“before”,shots,when,she’s,refashioning,my,clothes?,,,,,,,,,,,,,
AITA,for,uninviting,my,grandma,to,my,wedding?,,,,,,,,,,,,,,,,,,,,,,,,,
AITA,for,being,upset,enough,at,my,wife,for,how,she,reacted,to,a,house,fire,with,our,baby,in,the,house,that,I,left,for,a,night,with,our,baby?,,
AITA,For,blowing,up,when,I,found,that,my,husband,recorded,my,therapy,session?,,,,,,,,,,,,,,,,,,,
AITA,for,not,letting,my,in-laws,into,our,home,because,that’s,what,BIL,wanted?,,,,,,,,,,,,,,,,,,,
AITA,for,talking,about,things,from,the,south,when,I,moved,to,California,that,resulted,in,several,coworkers,calling,me,a,racist,and,reporting,to,HR?,,,,,,,
AITA,for,buying,my,(21M),stepmom,(50F),a,burger,of,her,own,because,she,keeps,picking,food,off,of,me,and,my,sibling’s,plates?,,,,,,,,,
AITA,for,saying,to,my,brother,that,his,kids’,future,isn’t,my,problem?,,,,,,,,,,,,,,,,,,,,
AITA,for,telling,neighbors,wife,why,I,stopped,hanging,around,their,kids?,,,,,,,,,,,,,,,,,,,,,
UPDATE:,AITA,for,not,letting,my,kids,wear,pyjamas,,,,,,,,,,,,,,,,,,,,,,,,
AITA,for,not,allowing,my,MIL,to,sign,my,daughter,up,for,a,“purity,ball”,at,her,church?,,,,,,,,,,,,,,,
AITA,for,refusing,to,help,roommate's,girlfriend,feel,less,triggered,over,my,diet,,,,,,,,,,,,,,,,,,,,
WIBTA,for,calling,CPS,on,my,sister,because,I,disagree,with,how,she's,raising,her,daughter?,,,,,,,,,,,,,,,,,
AITA,for,refusing,to,get,rid,of,all,the,alcohol,in,my,room,after,my,roommates',kid,snuck,in,and,stole,"some,",which,he,then,distributed,at,a,high,school,party?,,
AITA,for,not,accepting,my,aunts,gift,because,she,always,expects,favors?,,,,,,,,,,,,,,,,,,,,,
AITA,for,telling,my,cousin,to,leave,after,she,saw,my,plastic,straw,stockpile,and,accused,me,of,destroying the environment?,,,,,,,,,,,,,,
AITA,for,moving,out,after,my,sister,wanted,to,triple,my,rent,due,to,dad,cutting,me,off?,,,,,,,,,,,,,,,
WIBTA,for,emasculating,my,father?,,,,,,,,,,,,,,,,,,,,,,,,,,,,
AITA,for,refusing,to,“just,skip,a,day”,of,my,commitment,to,"20,000",steps,a,day,just,to,prove,something,to,my,SIL?,,,,,,,,,,
AITA,for,not,allowing,my,sister,to,see,my,son,because,of,something,she,said,months,ago?,,,,,,,,,,,,,,,,
AITA,for,calling,my,boyfriend,a,hypocrite,when,he,told,me,to,stop,spending,so,much,time,on,my,crotcheting?,,,,,,,,,,,,,
AITA,for,full-on,raging,at,my,parents,after,they,spent,"£1,300",of,my,money,for,my,brother's,gaming,PC,set?,,,,,,,,,,,,,
AITA,For,lashing,out,after,my,husband,ruined,the,food,I,prepared,for,our,guests?,,,,,,,,,,,,,,,,,,
AITA,for,teaching,my,daughter,that,her,father's,family,giving,her,a,nickname,is,anti-Semitic?,,,,,,,,,,,,,,,,,,
AITA,for,telling,my,MIL,thats,it’s,not,her,money?,,,,,,,,,,,,,,,,,,,,,,,
AITA,for,leaving,my,parents,house,early,(was,supposed,to,stay,for,a,month),because,my,siblings,wouldn't,give,me,privacy,when,I,was,working,with,sensitive,information?,,,,,
AITA,for,refusing,to,let,neighbor,borrow,my,husband,for,her,lie,,,,,,,,,,,,,,,,,,,,,
AITA,for,not,accommodating,an,autistic,co-worker?,,,,,,,,,,,,,,,,,,,,,,,,,,
AITA,for,telling,some,of,my,siblings,it,would,be,too,awkward,if,I,invited,them,to,my,wedding?,,,,,,,,,,,,,,
AITA,for,telling,my,stepsister,she,can’t,keep,using,the,death,of,her,mother,as,an,excuse,for,everything?,,,,,,,,,,,,,,
AITA,for,refusing,to,drive,my,ex,boyfriend,to,the,ER,,,,,,,,,,,,,,,,,,,,,,
AITA,for,snapping,at,my,classist,roommate?,,,,,,,,,,,,,,,,,,,,,,,,,,
AITA,for,kicking,out,my,sister,after,she,refused,to,help,with,my,son?,,,,,,,,,,,,,,,,,,,
AITA,for,telling,my,wife,she,needs,to,go,to,therapy,to,become,the,mom,our,kids,deserve?,,,,,,,,,,,,,,,
AITA,for,telling,my,husbands,sister,I,can't,help,her,with,her,kids,since,I'm,failing,my,kids?,,,,,,,,,,,,,,,
AITA,for,not,wanting,my(16F),parents(51M&amp;43F),to,have,shared,custody,of,me?,,,,,,,,,,,,,,,,,,,,,
AITA,for,not,trying,harder,to,tell,my,husband,I,was,in,labour?,,,,,,,,,,,,,,,,,,,,
AITA,For,not,making,dinner,for,my,husband,after,he,was,rude,to,our,son?,,,,,,,,,,,,,,,,,,
AITA,for,telling,my,cousin,the,truth,about,her,Native,American,heritage?,,,,,,,,,,,,,,,,,,,,,
AITA,For,telling,my,mother,that,the,way,I,parent,will,never,change?,,,,,,,,,,,,,,,,,,,,
AITA,for,telling,my,kids,what,their,grandfather,did,to,me?,,,,,,,,,,,,,,,,,,,,,,
AITA,for,not,serving,my,wife,"breakfast,","lunch,",and,dinner,when,she,demands,it?,,,,,,,,,,,,,,,,,,,
AITA,for,insisting,my,in,laws,replace,my,sons,car,seat,instead,of,my,nephews?,,,,,,,,,,,,,,,,,,
AITA,for,telling,my,sister,she,can't,barge,into,my,apartment,and,dog-nap,my,dog,to,meet,random,strangers?,,,,,,,,,,,,,,
AITA,for,telling,my,daughter,she,caused,her,own,problems?,,,,,,,,,,,,,,,,,,,,,,,
AITA,for,telling,my,MIL,that,I’m,not,the,one,with,fertility,issues,,,,,,,,,,,,,,,,,,,,
AITA,For,Telling,my,Aunt,I,Have,Sex?,,,,,,,,,,,,,,,,,,,,,,,,,
AITA,for,pouring,my,Husband's,Sweet,Tea,Down,the,Drain,and,Marching,out?,,,,,,,,,,,,,,,,,,,,
AITA,for,asking,a,woman,So you'd want to swap bodies with me?,after,she,kept,pushing,me,to,love myself,,,,,,,,,,,,,,,,,,,,
AITA,for,telling,a,friend,she,shouldn't,expect,guys,to,stick,around,if,she,isn't,upfront,about,having,a,kid,,,,,,,,,,,,,
AITA,for,continuing,to,let,my,ex-wife's,autistic,brother,live,with,me,after,our,divorce?,,,,,,,,,,,,,,,,,,
AITA,for,refusing,to,give,my,parking,spot,to,a,disabled,woman?,,,,,,,,,,,,,,,,,,,,,
AITA,for,telling,my,daughter,the,truth,about,why,I,wasn’t,in,her,life?,,,,,,,,,,,,,,,,,,,
AITA,for,reminding,my,coworker,that,I,don't,answer,to,him?,,,,,,,,,,,,,,,,,,,,,,
AITA,for,telling,my,brother,the,reality,of,getting,married,young?,,,,,,,,,,,,,,,,,,,,,,
AITA,for,telling,my,dad,not,to,bother,with,me,because,I’ll,be,gone,when,I’m,18?,,,,,,,,,,,,,,,,
AITA,for,causing,a,family,argument,over,a,slutty,dress,,,,,,,,,,,,,,,,,,,,,,,
UPDATE:,AITA,for,accusing,my,brother,of,being,gay,instead,of,studying,all,day?,,,,,,,,,,,,,,,,,,,
AITA,for,telling,my,future,SIL,that,I,won’t,be,attending,her,childfree,wedding,causing,a,lot,of,my,other,family,members,to,drop,out,as,well,,,,,,
AITA,for,calling,out,my,brother,for,blocking,me,on,social,media?,,,,,,,,,,,,,,,,,,,,,
AITA,for,allowing,my,wife,to,be,publicly,humiliated?,,,,,,,,,,,,,,,,,,,,,,,,
AITA,for,building,a,fence,around,my,backyard,and,keeping,it,despite,my,neighbors,protests?,,,,,,,,,,,,,,,,,,
AITA,for,telling,my,wife,that,I,don't,have,to,speak,to,our,daughter,until,I,feel,comfortable?,,,,,,,,,,,,,,,
AITA,for,not,giving,my,dad,my,piece,of,lamb,at,dinner?,,,,,,,,,,,,,,,,,,,,,
AITA,for,telling,my,mom,my,brother,and,I,were,not,her,pawns,to,rename,when,it,worked,for,her?,,,,,,,,,,,,,
AITA,for,walking,out,on,the,girl,I,was,supposed,to,be,touring,around,the,school?,,,,,,,,,,,,,,,,,
AITA,for,not,telling,my,mom,I,changed,my,name?,,,,,,,,,,,,,,,,,,,,,,,
AITA,for,saying,I,no,longer,trust,my,brother,or,his,wife,around,my,kid?,,,,,,,,,,,,,,,,,,
AITA,for,using,my,special,needs,priviledges?,,,,,,,,,,,,,,,,,,,,,,,,,,
AITA,for,refusing,to,participate,in,my,bf’s,family’s,bizarre,orange,tradition?,,,,,,,,,,,,,,,,,,,,,
AITA,for,drinking,in,the,morning,sometimes?,,,,,,,,,,,,,,,,,,,,,,,,,,
AITA,for,making,myself,nice,meals,and,not,my,husband?,,,,,,,,,,,,,,,,,,,,,,,
AITA,for,kicking,my,sister,out,after,she,didn't,do,what,she,said,she,would?,,,,,,,,,,,,,,,,,,
AITA,for,screaming,at,my,parents,when,they,went,through,my,phone,while,I,was,asleep?,,,,,,,,,,,,,,,,,
"WIBTA,",for,not,selling,my,house?,,,,,,,,,,,,,,,,,,,,,,,,,,,
AITA,for,walking,out,on,my,birthday,party,because,my,mom,plays,the,same,video,every,year?,,,,,,,,,,,,,,,,
AITA,for,telling,my,brother,his,problems,are,not,my,problem?,,,,,,,,,,,,,,,,,,,,,,
AITA,for,telling,my,parents,I,hope,their,decision,haunts,them,in,death?,,,,,,,,,,,,,,,,,,,,
AITA,for,writing,all,my,notes,in,color,,,,,,,,,,,,,,,,,,,,,,,,,
AITA,for,telling,niece,I,prefer,my,real,name,to,a,nickname?,,,,,,,,,,,,,,,,,,,,,
AITA,For,blowing,up,at,my,husband,for,how,he,reacted,to,the,news,of,my,brother's,death?,,,,,,,,,,,,,,,
AITA,for,telling,my,husband,that,he's,not,going,on,the,yearly,trip,this,year?,,,,,,,,,,,,,,,,,,
AITA,for,taking vacation,and,leaving,my,husband,with,every,single,house,duty,there,is,for,4,days?,,,,,,,,,,,,,,,,
UPDATE:,AITA,for,not,wanting,my,half-brother,to,have,the,same,name,as,me?,,,,,,,,,,,,,,,,,,,
AITA,for,putting,a,pad,lock,on,my,son's,bedroom,door?,,,,,,,,,,,,,,,,,,,,,,
AITA,for,not,letting,my,son,claim,a,box,of,granola,bars?,,,,,,,,,,,,,,,,,,,,,
(Update),AITA,for,telling,my,GF,I’d,like,her,to,“dress,up”,when,we,go,out?,,,,,,,,,,,,,,,,,
AITA,for,calling,my,wife,and,MIL,ridiculous,because,they’re,still,upset,at,me,over,something,that,happened,on,Christmas?,,,,,,,,,,,,,
AITA,for,telling,my,mom,she,should,feel,like,a,bad,mom,because,she,is,one?,,,,,,,,,,,,,,,,,
AITA,for,not,telling,my,MIL,who,I,was?,,,,,,,,,,,,,,,,,,,,,,,,
AITA,For,refusing,to,do,extra,work,ever,since,my,pay,got,cut?,,,,,,,,,,,,,,,,,,,,
AITA,for,telling,off,my,friends,for,missing,their,engagement,photoshoot,over,their,roommate?,,,,,,,,,,,,,,,,,,,
AITA,for,making,my,mom,feel,like,a,bad,mom,and,telling,her,off,for,leaving?,,,,,,,,,,,,,,,,,
AITA,for,not,going,along,with,being,adopted,to,make,everyone,happy?,,,,,,,,,,,,,,,,,,,,,
AITA,for,telling,my,boyfriend,he,can't,put,being,Reddit,mod,on,his,resume?,,,,,,,,,,,,,,,,,,,
AITA,for,getting,my,girlfriend,a,bidet?,,,,,,,,,,,,,,,,,,,,,,,,,,
AITA,for,telling,my,friend,“Its,not,my,fault,that,I,have,boundaries,with,my,kids”?,,,,,,,,,,,,,,,,,
AITA,for,telling,SIL,that,if,I,wanted,her,opinion,I'd,have,made,her,a,bridesmaid?,,,,,,,,,,,,,,,,,
AITA,for,saying,I,(15F),don't,care,that,a,classmate,(16NB),has,mental,"illness,",and,still,marking,them,0,for,a,group,project?,,,,,,,,,,
Aita,for,'stealing',my,sister's,baby,name?,,,,,,,,,,,,,,,,,,,,,,,,,,
AITA,for,refusing,to,cook,dinner,for,my,bf,since,he,won’t,respect,my,cooking,utensils?,,,,,,,,,,,,,,,,,
AITA,asking,my,friend,to,use,the,generic,guest,profile,on,my,Netflix?,,,,,,,,,,,,,,,,,,,,
AITA,for,not,telling,my,parents,we,were,adopting,a,child?,,,,,,,,,,,,,,,,,,,,,,
UPDATE,AITA,for,telling,my,fiancé's,friends,that,they,can't,organise,a,birthday,party,for,him,because,I,already,have,plans?,,,,,,,,,,,,
AITA,for,reminding,my,brother,it’s,his,fault,I’m,disabled,after,he,told,me,to,hurry,up?,,,,,,,,,,,,,,,,
AITA,for,having,my,ex,neighbors,car,towed,because,they,kept,parking,in,my,spot?,,,,,,,,,,,,,,,,,,
AITA,for,telling,my,stepmom,she,needed,to,move,out,in,a,few,months?,,,,,,,,,,,,,,,,,,,
AITA,For,calling,out,my,parents,blatant,favouritism?,,,,,,,,,,,,,,,,,,,,,,,,,
AITA,for,putting,my,fiancé’s,food,in,a,child’s,bowl?,,,,,,,,,,,,,,,,,,,,,,,
AITA,for,making,my,FIL,homeless,because,he,doesn’t,respect,my,job?,,,,,,,,,,,,,,,,,,,,,
AITA,for,not,telling,my,girlfriend,to,dress down,when,we,went,to,help,out,my,sister's,friend?,,,,,,,,,,,,,,,,
AITA,for,telling,my,coworker,she,is,incompetent,at,her,job?,,,,,,,,,,,,,,,,,,,,,,
Aita,for,telling,my,brother,that,my,niece,and,nephew,weren’t,the,first,things,on,my,mind,when,shopping,for,home,decor?,,,,,,,,,,,
AITA,for,telling,my,friend,I,don't,want,his,companion doll,living,with,us?,,,,,,,,,,,,,,,,,,,,
AITA,for,getting,someone,not,hired,because,of,a,playground-incident?,,,,,,,,,,,,,,,,,,,,,,,
AITA,[25F],for,refusing,to,work,weekends,(and,assume,extra,responsibilities),because,my,manager’s,boss,had,a,baby?,,,,,,,,,,,,,,,
AITA,for,not,trying,harder,to,wake,up,my,husband?,,,,,,,,,,,,,,,,,,,,,,,
AITA,for,not,deleting,my,post,about,parenting,when,I,have,full,custody,of,my,kids?,,,,,,,,,,,,,,,,,
AITA,for,flipping,out,on,my,bestfriend,after,she,had,her,daughter,get,ahold,of,me,on,fb?,,,,,,,,,,,,,,,
AITA,for,defending,my,husband,from,my,family,after,they,claimed,he,wasn't,fit,to,be,the,man,of,our,home?,,,,,,,,,,,,
AITA,for,refusing,to,sign,a,family,holiday,card,where,my,mom,erased,my,disfigurement?,,,,,,,,,,,,,,,,,,
AITA,for,considering,not,having/allowing,my,husband,in,the,delivery,room?,,,,,,,,,,,,,,,,,,,,,,
AITA,for,giving,my,elderly,cat,to,my,neighbor?,,,,,,,,,,,,,,,,,,,,,,,,
AITA,for,being,pissed,that,my,best,friend,tried,to,test,my,loyalty?,,,,,,,,,,,,,,,,,,,,
AITA,for,saying,I,won't,forgive,my,stepmother,for,how,she,acted,at,my,mom's,funeral?,,,,,,,,,,,,,,,,,
AITA,for,kicking,out,my,son's,friend,after,he,and,my,daughter,announced,their,relationship?,,,,,,,,,,,,,,,,,,
AITA,for,not,asking,my,FIL,to,leave,my,house,after,my,divorce,because,my,ex,wife,no,longer,has,a,Mom?,,,,,,,,,,,
AITA,for,not,giving,a,limited,build,a,bear,to,a,mother,and,her,screaming,child?,,,,,,,,,,,,,,,,,
AITA,For,kicking,my,brother,out,when,he,came,to,see,his,wife?,,,,,,,,,,,,,,,,,,,,
[UPDATE],WIBTA,for,going,to,my,mom’s,doctor,behind,her,back?,,,,,,,,,,,,,,,,,,,,,,
AITA,for,refusing,to,financially,support,my,sister,after,she,insulted,me,and,my,kids?,,,,,,,,,,,,,,,,,,
AITA,for,still,going,to,family,events,even,though,it,makes,my,siblings,and,their,mom,mad,because,I'm,an,affair,baby?,,,,,,,,,,,
AITA,for,telling,my,co-worker,that,I'd,never,let,her,raise,my,child?,She's,propably,infertile,,,,,,,,,,,,,,,,,
AITA,for,telling,my,cousin,what,our,family,were,saying,about,his,wife,and,causing,him,to,cut,everyone,off,financially?,,,,,,,,,,,,
AITA,for,refusing,to,performing,at,my,cousin's,party?,,,,,,,,,,,,,,,,,,,,,,,,
AITA,for,still,seeing,my,stepdaughter?,,,,,,,,,,,,,,,,,,,,,,,,,,,
AITA,For,not,punishing,my,son,for,opening,limited,edition,doctor,who,sets?,,,,,,,,,,,,,,,,,,,,
AITA,for,waking,my,girlfriend,up,with,my,morning,routine?,,,,,,,,,,,,,,,,,,,,,,,
AITA,for,recording,conversations,with,my,sister,without,her,knowing?,,,,,,,,,,,,,,,,,,,,,,,
AITA,for,telling,a,homophobic,colleague,that,I,wouldn't,touch,him,with,someone,else's,pole,no,matter,how,desperate,I,was.,,,,,,,,,,,,
AITA,for,ignoring,my,coworker,and,dressing,the,way,I,like?,,,,,,,,,,,,,,,,,,,,,,
AITA,for,calling,my,wife,beautiful?,,,,,,,,,,,,,,,,,,,,,,,,,,,
AITA,For,telling,my,little,sister,parenting,isn't,all,sunshines,and,rainbows?,,,,,,,,,,,,,,,,,,,,,
AITA,for,not,pushing,my,daughters,to,cuddle,with,my,wife?,,,,,,,,,,,,,,,,,,,,,,
AITA,for,telling,my,coworker,to,mind,her,own,business,or,I,will,report,her,to,HR?,,,,,,,,,,,,,,,,
AITA,for,banning,my,husband,from,baking,with,his,nephew,until,my,husband,chills,tf,out?,,,,,,,,,,,,,,,,,
[UPDATE],AITA,for,requesting,a,doctor,that,is,more,fluent,in,my,language,,,,,,,,,,,,,,,,,,,,
AITA,for,telling,my,dad,he,chose,his,wife,but,I,didn't?,,,,,,,,,,,,,,,,,,,,,
AITA,for,taking,my,credit,card,from,my,girlfriend,and,giving,her,a,cash,allowance,instead?,,,,,,,,,,,,,,,,,
AITA,for,not,giving,my,brother,a,ride,to,work,because,he,hid,my,adhd,medication?,,,,,,,,,,,,,,,,,
AITA,for,not,considering,my,brother-in-law,(my,former,school,bully),family?,,,,,,,,,,,,,,,,,,,,,,
AITA,For,allowing,my,brothers,to,call,me,dad?,,,,,,,,,,,,,,,,,,,,,,,,
UPDATE:,AITA,for,not,giving,my,money,to,help,out,my,sister?,,,,,,,,,,,,,,,,,,,,,
AITA,for,removing,the,lock,from,the,door,of,my,rental,property?,,,,,,,,,,,,,,,,,,,,,
AITA,for,not,telling,my,roommate,about,my,secret,depression,cakes?,,,,,,,,,,,,,,,,,,,,,,
AITA,for,making,my,MIL,look,like,a,„miserable,mother“,because,she,forget,a,birthday?,,,,,,,,,,,,,,,,,,
AITA,for,getting,upset,when,my,mom,thanked,god,instead,of,me?,,,,,,,,,,,,,,,,,,,,,
AITA,for,refusing,to,help,pay,for,a,new,PS5,for,my,brother,after,his,was,damaged?,,,,,,,,,,,,,,,,
AITA,for,refusing,to,help,out,my,dad,now,he's,fallen,on,hard,times?,,,,,,,,,,,,,,,,,,,
AITA,for,not,letting,my,sister,use,my,pool,after,she,and,her,kids,insulted,my,family?,,,,,,,,,,,,,,,,
AITA,for,screaming,at,my,mother's,friend,in,front,of,company,after,her,kids,ruined,my,work?,,,,,,,,,,,,,,,,
AITA,for,going,by,my,"name,",even,though,it's,the,exact,same,as,my,stepbrother's?,,,,,,,,,,,,,,,,,,
AITA,For,adopting,my,sister's,former,dog,when,he,got,put,up,for,adoption?,,,,,,,,,,,,,,,,,,,
AITA,for,not,sharing,my,inheritance,with,my,sister,after,our,dad,died?,,,,,,,,,,,,,,,,,,,,
AITA,for,getting,upset,he,gets,me,the,wrong,food,all,the,time?,,,,,,,,,,,,,,,,,,,,
AITA,for,throwing,out,my,friend's,gf,after,she,insulted,me,during,a,panic,attack?,,,,,,,,,,,,,,,,,,
AITA,for,not,quitting,my,"job,","again,",so,my,boyfriend,can,work,at,his,dream,career?,,,,,,,,,,,,,,,,,
AITA,for,telling,my,roommate,he,can't,have,a,red room?,,,,,,,,,,,,,,,,,,,,,,,
AITA,for,deliberately,running,up,mileage,on,a,company,car?,,,,,,,,,,,,,,,,,,,,,,,
AITA,for,getting,my,dad,a,shirt,that,says,“brand,new,grandpa”,to,announce,my,pregnancy?,,,,,,,,,,,,,,,,,
AITA,for,taking,all,my,skincare,and,bath,products,to,the,other,bathroom,because,my,boyfriend,won't,stop,using,them?,,,,,,,,,,,,,
AITA,For,withdrawing,college,support,from,my,step-daughter?,,,,,,,,,,,,,,,,,,,,,,,,,
AITA,for,not,selling,my,designer,clothes,to,pitch,in,for,my,sister’s,medical,treatment,when,she,won’t,sell,her,hobby,items,either?,,,,,,,,,,
AITA,for,not,wanting,to,be,a,live,in,babysitter?,,,,,,,,,,,,,,,,,,,,,,,
AITA,for,shaming,my,MIL,for,not,loving,her,kids?,,,,,,,,,,,,,,,,,,,,,,,
AITA,for,not,wanting,my,sister,at,my,wedding?,,,,,,,,,,,,,,,,,,,,,,,,
AITA,for,turning,off,his,debit,card,after,finding,him,sending,his,brother,money,weekly,in secret?,,,,,,,,,,,,,,,,,
AITA,for,calling,out,my,daughter's,abuser?,,,,,,,,,,,,,,,,,,,,,,,,,,
AITA,for,leaving,my,therapist,a,bad,review,without,talking,to,them,about,it,first?,,,,,,,,,,,,,,,,,,
AITA,for,“showing,off,my,intelligence”?,,,,,,,,,,,,,,,,,,,,,,,,,,,
AITA,for,not,paying,for,my,cousin's,wedding,despite,ruining,it,by,having,a,mental,health,crisis?,,,,,,,,,,,,,,,,
AITA,for,getting,a,single,mother's,pay,docked,on,probation?,,,,,,,,,,,,,,,,,,,,,,,
AITA,for,telling,my,nephew,that,the,reason,he,has,designer,shoes,is,because,his,mother,is,irresponsible,with,the,money,my,husband,gives,her?,,,,,,,,
WIBTA,if,I,choose,my,daughter,over,my,grieving,girlfriend?,,,,,,,,,,,,,,,,,,,,,,,
AITA,for,advising,my,sister,not,to,get,a,certain,body,modification?,,,,,,,,,,,,,,,,,,,,,
AITA,for,not,telling,my,kids,I,planned,to,pay,off,their,student,loans?,,,,,,,,,,,,,,,,,,,
AITA,for,telling,my,mum,I’m,not,giving,her,any,baby,updates?,,,,,,,,,,,,,,,,,,,,,
AITA,for,showing,my,boyfriend,a,movie,that,offended,him?,,,,,,,,,,,,,,,,,,,,,,,
AITA,for,not,scoring,lower,on,purpose,to,make,a,classmate,feel,better,and,telling,him,to,fuck,off?,,,,,,,,,,,,,,
AITA,for,hurting,my,coworker,(M50s?),by,refusing,to,give,him,my,(F18),number,even,though,I,had,my,phone,in,my,hand?,,,,,,,,,,
AITA,by,telling,my,sister,to,move,out,and,refusing,to,be,in,any,way,responsible,if,my,sister,decides,to,have/keep,her,kid?,,,,,,,,,
AITA,for,flipping,out,at,my,dad,because,he,lectured,me,for,an,hour,because,of,a,clickbait,?,,,,,,,,,,,,,,
AITA,for,being,left,handed?,But,actually,more,like,blowing,up,about,it,,,,,,,,,,,,,,,,,,,,
AITA,for,wanting,to,verify,my,husband's,chores?,,,,,,,,,,,,,,,,,,,,,,,,,
AITA,for,throwing,out,my,husband's,dinner?,,,,,,,,,,,,,,,,,,,,,,,,,,
AITA,For,kicking,my,cousin,out,for,causing,me,to,have,this,reaction?,,,,,,,,,,,,,,,,,,,,
AITA,for,wanting,to,return,a,cookbook,that,my,husband,got,me,and,refusing,to,cook?,,,,,,,,,,,,,,,,,
AITA,for,rudely,correcting,my,husbands,friend,after,he,repeatedly,called,me,his,girlfriend,,,,,,,,,,,,,,,,,,,
AITA,for,Accusing my Parents of Being a Bad Parents to my Deaf Sister?,,,,,,,,,,,,,,,,,,,,,,,,,,,,,,
AITA,For,not,renewing,any,leases,because,I,want,to,move,into,the,building,myself?,,,,,,,,,,,,,,,,,,
AITA,for,telling,my,sister,I,won’t,move,across,the,country,with,her,or,take,care,of,my,nephew,anymore?,,,,,,,,,,,,,
AITA,for,putting,a,lock,on,my,room,door,after,mother,threw,away,new,clothes?,,,,,,,,,,,,,,,,,,
AITA,for,yelling,at,my,mother-in-law,for,calling,my,son,the,wrong,name?,,,,,,,,,,,,,,,,,,,,
AITA,For,Telling,My,Sister,to,Get,Over,Her,Prejudice,Against,My,Future,In-Laws?,,,,,,,,,,,,,,,,,,,
AITA,for,directly,calling,out,a,woman’s,snobbish,"behavior,",causing,several,people,to,leave,our,knitting,group?,,,,,,,,,,,,,,,,
AITA,for,reminding,my,sister,of,her,debt?,,,,,,,,,,,,,,,,,,,,,,,,,
AITA,for,telling,someone,not,to,have,a,baby,in,their,late,40s,even,though,I,did?,,,,,,,,,,,,,,,,
AITA,for,walking,out,during,a,double,date,because,the,other,couple,was,making,me,uncomfortable?,,,,,,,,,,,,,,,,,
AITA,for,embarrassing,my,stepmother,at,my,wedding?,,,,,,,,,,,,,,,,,,,,,,,,,
AITA,for,losing,it,with,my,friend,after,she,tricked,me,into,eating,meat,,,,,,,,,,,,,,,,,,,
AITA,for,banning,my,mother,and,some,of,my,little,brothers,friends,parents,from,lil,bros,party,at,my,house?,,,,,,,,,,,,,
AITA,for,being,inconsiderate,towards,my,MIL?,,,,,,,,,,,,,,,,,,,,,,,,,,
AITA,for,ratting,out,my,brother,after,I,found,out,he,was,using,my,pic,to,catfish,a,girl?,,,,,,,,,,,,,,
AITA,for,lying,to,Starbucks,employees,about,allergies?,,,,,,,,,,,,,,,,,,,,,,,,,
AITA,for,telling,my,wife,that,it,is,her,fault,that,our,son,doesn’t,tell,her,anything?,,,,,,,,,,,,,,,,
UPDATE:,AITA,for,telling,my,best,friend's,gf,she,has,nothing,to,worry,about?,,,,,,,,,,,,,,,,,,,
AITA,for,refusing,to,drive,my,GF,around,after,she,lost,her,license?,,,,,,,,,,,,,,,,,,,,
AITA,for,telling,my,brother,his,service,doesn’t,make,him,superior,to,others?,,,,,,,,,,,,,,,,,,,,
AITA,for,refusing,to,both,cook,and,clean,to,cater,to,my,husband's,dietary,needs?,,,,,,,,,,,,,,,,,,
AITA,for,not,letting,my,matron,of,honor,hold,her,baby,during,my,wedding,ceremony?,,,,,,,,,,,,,,,,,,
AITA,for,telling,my,parents,I'm,not,going,to,let,their,dreams,hurt,my,son,even,if,it,hurts,them?,,,,,,,,,,,,,
AITA,for,siding,with,a,kid,over,their,mom?,,,,,,,,,,,,,,,,,,,,,,,,
AITA,for,yelling,at,my,stepsister,and,telling,her,she,had,no,right,to,my,sisters,necklace?,,,,,,,,,,,,,,,,
AITA,for,not,wanting,to,twin,all,my,outfits,with,my,sister?,,,,,,,,,,,,,,,,,,,,,
AITA,for,refusing,to,help,my,housemate,with,his,kid?,,,,,,,,,,,,,,,,,,,,,,,
AITA,for,telling,my,neighbour,I,will,just,blast,music,over,her,kids,yelling,,,,,,,,,,,,,,,,,,,
AITA,for,banning,a,woman,from,my,house,for,suggesting,my,senior,cat,be,put,down?,,,,,,,,,,,,,,,,,
AITA,for,refusing,to,attend,my,brother's,funeral?,,,,,,,,,,,,,,,,,,,,,,,,,
AITA,for,taking,the,last,slice,of,pie,from,my,pregnant,wife?,,,,,,,,,,,,,,,,,,,,,
AITA,for,not,allowing,my,sister,to,move,in,with,me?,,,,,,,,,,,,,,,,,,,,,,
UPDATE:,AITA,for,“abandoning”,my,friend/roommate,&amp;,possibly,leaving,him,houseless?,,,,,,,,,,,,,,,,,,,,,,
AITA,for,asking,my,friend,to,remove,her,post,showing,she,cleaned,my,condo?,,,,,,,,,,,,,,,,,,,
AITA,for,showing,my,nine-year-old,daughter,my,period-stained,underwear?,,,,,,,,,,,,,,,,,,,,,,,,
AITA,For,cooking,cuy,(guinea,pigs),on,my,backyard,BBQ?,,,,,,,,,,,,,,,,,,,,,,,
AITA,For,not,telling,my,ex-wife,about,my,new,GF,until,she,found,out,on,her,own,,,,,,,,,,,,,,,,
AITA,for,telling,my,brother,the,truth,about,his,dad,and,why,I,wasn’t,around?,,,,,,,,,,,,,,,,,,
AITA,for,refusing,to,let,my,brother,stay,at,my,house,after,he,betrayed,me,7,years,ago?,,,,,,,,,,,,,,,
AITA,for,telling,my,wife,“play,stupid,games,win,stupid,prizes”,after,she,complained,about,my,mom?,,,,,,,,,,,,,,,,
AITA,for,not,attending,my,friend's,wedding,on,the,day,of,my,family's,death,anniversary?,,,,,,,,,,,,,,,,,,
AITA,for,saying,in,front,of,my,young,siblings,that,my,father,is,a,manipulative,piece,of,shit?,,,,,,,,,,,,,,,
AITA,for,not,giving,my,sister,(single,mom),money,for,a,car,when,I,can,afford,to,do,so,,,,,,,,,,,,,,
UPDATE,AITA,for,using,my,special,needs,priviledges?,,,,,,,,,,,,,,,,,,,,,,,,,
AITA,for,asking,my,wife,to,apologize,for,having,her,maid,of,honor,pour,water,on,my,mom,at,the,wedding?,,,,,,,,,,,,
AITA,for,refusing,to,let,my,friend,eat,meat,inside,my,house?,,,,,,,,,,,,,,,,,,,,,
AITA,For,Telling,my,entire,family,to,leave,over,a,comment,my,brother,made,about,my,late,wife?,,,,,,,,,,,,,,,
AITA,for,demanding,money,back,that,I,donated,to,a,friends,GoFundMe?,,,,,,,,,,,,,,,,,,,,,
AITA,for,ordering,food,to,my,aunt's,house,when,dinner,was,ready,to,be,served,thus,causing,an,ugly,family,split?,,,,,,,,,,,,
AITA,for,not,sticking,up,for,a,friend,who,had,a,misscarriage,years,ago,during,an,argument.,,,,,,,,,,,,,,,,
AITA,for,asking,my,sister,to,replace,my,son's,video,games,that,she,sold,without,telling,me?,,,,,,,,,,,,,,,,
AITA,for,calling,my,brother,a,jealous,dropout,,,,,,,,,,,,,,,,,,,,,,,,,
AITA,for,cooking,for,myself,after,mum's,boyfriend,insulted,my,cooking?,,,,,,,,,,,,,,,,,,,,,,
AITA,for,telling,my,roommate,that,she,can’t,clean,her,piercing,with,pasta,water??,,,,,,,,,,,,,,,,,,,
AITA,for,yelling,at,a,lady,who,untied,my,dog,while,I,was,grocery,shopping?,,,,,,,,,,,,,,,,,,
AITA,for,'humiliating',my,husband,by,leaving,him,behind,,,,,,,,,,,,,,,,,,,,,,,,
AITA,for,telling,my,"sister,",“try,staying,married,longer,than,a,year,before,giving,me,marriage,advice!”,,,,,,,,,,,,,,,,
WIBTA,for,not,climbing,through,my,passengers,side,door,everyday,so,my,disabled,neighbor,can,get,in,and,out,of,their,car?,,,,,,,,,,,
AITA,For,telling,my,sister,I,will,not,look,after,her,baby,,,,,,,,,,,,,,,,,,,,,
AITA,for,not,paying,for,my,sisters,surgery?,,,,,,,,,,,,,,,,,,,,,,,,,
AITA,for,telling,my,friend,she,has,no,right,getting,mad,that,her,Netflix,account,got,canceled?,,,,,,,,,,,,,,,,
UPDATE:,AITA,for,snapping,at,my,mum,and,running,away,from,"home,",leaving,my,parents,worrying,with,no,knowledge,of,where,I,am,and,if,I’m,safe,for,three,days?,,,
AITA,for,stealing,the,spotlight,at,my,best,friend's,wedding?,,,,,,,,,,,,,,,,,,,,,,,
AITA,for,not,telling,my,wife,and,daughter,that,I’m,dying?,,,,,,,,,,,,,,,,,,,,,,
AITA,for,not,telling,my,wife,that,I,had,agreed,to,be,a,guardian,before,we,even,met?,,,,,,,,,,,,,,,
AITA,for,shouting,at,my,brother's,girlfriend,to,stop,copying,me,and,being,obsessed,with,what,I,eat?,,,,,,,,,,,,,,,
AITA,for,telling,my,hiking,buddy,he,needs,to,stop,inviting,his,roommate,along,or,I'll,stop,inviting,him,,,,,,,,,,,,,,
AITA,for,telling,my,sister,she,needs,to,contain,her,kids,or,leave,our,home?,,,,,,,,,,,,,,,,,,
AITA,for,making,my,boyfriend,pay,half,the,rent?,,,,,,,,,,,,,,,,,,,,,,,,
AITA,for,having,a,friend,watch,my,children?,,,,,,,,,,,,,,,,,,,,,,,,,
AITA,for,calling,out,a,Bride,after,she,publicly,insults,my,outfit?,,,,,,,,,,,,,,,,,,,,,
AITA,for,telling,my,aunt,she,needs,to,consider,her,living,children’s,needs,and,feelings,before,constantly,making,everything,about,the,daughter,she,lost?,,,,,,,,,
AITA,for,sternly,telling,my,mom,to,get out,during,an,online,school-test?,,,,,,,,,,,,,,,,,,,,,
AITA,for,crocheting,for,my,sister,instead,of,her,buying,from,small,businesses?,,,,,,,,,,,,,,,,,,,,
AITA,for,calling,SIL,a,shitty,friend,for,a,prank,she,participated,in,10,years,ago,that,I,just,found,out,about?,,,,,,,,,,,
AITA,for,refusing,to,give,roommate,things,to,sell,and,planning,to,move,out,cause,I,caught,her,in,my,room,,,,,,,,,,,,
AITA,for,resenting,my,mom,,,,,,,,,,,,,,,,,,,,,,,,,,,,
AITA,for,having,an,explosive,reaction,to,what,my,mom,said,to,me?,,,,,,,,,,,,,,,,,,,,
WIBTA,for,going,to,my,professor,and,causing,a,classmate,to,fail,a,project?,,,,,,,,,,,,,,,,,,,
AITA,for,making,my,19,year,old,cry,because,I,said,we,have,nothing,in,common,and,that's,why,we,aren't,close?,,,,,,,,,,,
AITA,for,not,including,my,sister,in,a,family,photo?,,,,,,,,,,,,,,,,,,,,,,,
AITA,for,being,honest,with,my,half,brother,about,why,my,dad,and,I,don't,get,along?,,,,,,,,,,,,,,,,
AITA,for,telling,my,husband,to,stop,using,“my”,vehicle?,,,,,,,,,,,,,,,,,,,,,,,
AITA,for,telling,a,pregnant,girl,to,find,a,new,flat?,,,,,,,,,,,,,,,,,,,,,,
AITA,For,telling,my,boyfriend,he's,not,really,a,doctor,as,he,claims?,,,,,,,,,,,,,,,,,,,,
AITA,for,not,telling,my,ILs,the,whole,story,about,my,family?,,,,,,,,,,,,,,,,,,,,,
AITA,for,not,giving,up,my,room,to,someone,who,needs,it,more?,,,,,,,,,,,,,,,,,,,,
AITa,for,forcing,my,BF,to,buy,me,a,new,blanket,after,he,allowed,a,random,dog,he,was,sitting,use,mine?,,,,,,,,,,,
AITA,for,giving,my,sister,a,notice,to,move,out,because,she,can’t,manage,her,money?,,,,,,,,,,,,,,,,,
AITA:,For,kicking,my,Brother,In-Law,out,of,my,daughter's,birthday?,,,,,,,,,,,,,,,,,,,,,,
AITA,for,refusing,to,pay,for,damage,caused,by,my,raft?,,,,,,,,,,,,,,,,,,,,,,
AITA,for,not,giving,my,stepson,money,that’s,for,my,bio,kids?,,,,,,,,,,,,,,,,,,,,,
AITA,for,yelling,at,my,daughter,for,asking,a,very,personal,question?,,,,,,,,,,,,,,,,,,,,,
AITA,for,telling,my,fiancé's,friends,that,they,can't,organise,a,party,for,his,birthday,because,I,already,have,plans?,,,,,,,,,,,,,
AITA,for,wanting,to,spend,$100 ,on,a,coat,for,my,dog?,,,,,,,,,,,,,,,,,,,,,
AITA,for,not,giving,my,sister,my,house,after,stealing,hers?,,,,,,,,,,,,,,,,,,,,,,
AITA,for,telling,my,grandma,to,leave,after,she,had,my,kids,disrupt,me,numerous,times,with,reminders?,,,,,,,,,,,,,,,
AITA,for,wearing,pink,to,a,birthday,party?,,,,,,,,,,,,,,,,,,,,,,,,,
AITA,for,giving,my,friend's,autistic,sister,a,suitable,cup?,,,,,,,,,,,,,,,,,,,,,,,
AITA,for,insulting,my,brothers,girlfriend,and,her,mother?,,,,,,,,,,,,,,,,,,,,,,,,
AITA,for,refusing,contact,with,my,daughter’s,biological,mother,per,my,daughter’s,wishes?,,,,,,,,,,,,,,,,,,,,
AITA,For,not,allowing,my,girlfriends,daughter,is,my,car,or,my,sons?,,,,,,,,,,,,,,,,,,,,
AITA,For,not,splitting,my,kids,inheritance,with,my,sisters,kids?,,,,,,,,,,,,,,,,,,,,,,
AITA,for,not,calling,up,my,ex,girlfriend,after,her,boyfriend,passed,away,,,,,,,,,,,,,,,,,,,,
AITA,for,not,bothering,while,pregnant?,,,,,,,,,,,,,,,,,,,,,,,,,,,
AITA,for,saying,that,I,am,glad,my,first,baby,died?,,,,,,,,,,,,,,,,,,,,,,
WIBTA,for,confronting,my,sister,about,the,paternity,of,her,daughter?,,,,,,,,,,,,,,,,,,,,,,
AITA,for,not,letting,my,dad,let,his,new,wife's,kid,call,me,sister,,,,,,,,,,,,,,,,,,,
AITA,for,yelling,at,the,parents,of,a,noisy,autistic,child,that,I,do,not,care,if,he’s,autistic,when,they,live,upstairs,and,he’s,"stomping,",jumping,and,screaming,all,day.,,
AITA,For,giving,my,MIL,a,chore,list,,,,,,,,,,,,,,,,,,,,,,,,,
AITA,for,telling,my,stepdaughter,that,she,isn't,allowed,to,order,food,when,we,go,to,restaurants,anymore?,,,,,,,,,,,,,,,
AITA,for,saying,my,bio,daughter's,education,is,more,important,than,my,stepdaughter's,education?,,,,,,,,,,,,,,,,,,,
AITA,for,correcting,my,brother’s,blatant,racism?,,,,,,,,,,,,,,,,,,,,,,,,,,
AITA,for,giving,my,best,friend,my,money,without,consulting,my,wife?,,,,,,,,,,,,,,,,,,,,,
AITA,For,Refusing,when,my,husband,told,me,to,stop,speaking,my,original,language,infront,of,our,son?,,,,,,,,,,,,,,,
AITA,for,saying,I,won't,apologize,because,I'm,not,sorry?,,,,,,,,,,,,,,,,,,,,,,,
AITA,for,telling,my,mom,she,was,never,a,single,mom?,,,,,,,,,,,,,,,,,,,,,,
AITA,for,going,against,my,fiancées,wishes,after,my,biological,son,made,contact?,,,,,,,,,,,,,,,,,,,,
AITA,For,Getting,Brother's,Friend,Banned,From,Our,Home,,,,,,,,,,,,,,,,,,,,,,,,
AITA,for,not,letting,my,half,brother,that,I’ve,never,met,and,his,wife,stay,with,me,in,my,home?,,,,,,,,,,,,,
AITA,for,buying,both,my,step,children,each,a,switch,instead,of,giving,the,2nd,one,to,my,nephews?,,,,,,,,,,,,,,
AITA,for,being,upset,over,my,MIL’s,tattoo,,,,,,,,,,,,,,,,,,,,,,,,,
AITA,for,calling,out,a,“witchy”,girl,for,pushing,her,ethnocentric,beliefs,on,others?,,,,,,,,,,,,,,,,,,,
AITA,For,refusing,to,look,after,my,sister?,,,,,,,,,,,,,,,,,,,,,,,,,
AITA,for,yelling,at,our,sitter?,,,,,,,,,,,,,,,,,,,,,,,,,,,
WIBTA,for,not,pay,my,neighbor,to,get,her,daughter’s,hair,professionally,“fixed”?,,,,,,,,,,,,,,,,,,,,
AITA,for,supporting,my,husband,is,not,going,to,his,sisters,pregnancy,announcement?,,,,,,,,,,,,,,,,,,,,
AITA,For,telling,my,sister,and,mom,what,I,really,think,of,my,sister,,,,,,,,,,,,,,,,,,,
AITA,for,publicly,sharing,an,experience,that,has,hurt,and,divided,my,family?,,,,,,,,,,,,,,,,,,,,
AITA,If,I,don't,repay,the,person,who's,food,I,dumped,on,the,floor,in,the,staffroom?,,,,,,,,,,,,,,,,
AITA,for,refusing,to,do,my,roommate’s,laundry,even,though,it,is,“my,chore”,because,she,decided,to,go,with,“free,bleeding”,?,,,,,,,,,,
AITA,for,telling,my,stepsister,why,I,don't,eat,with,them?,,,,,,,,,,,,,,,,,,,,,,
AITA,for,telling,my,parents,I,resent,them,for,pushing,me,to,spend,so,much,time,with,my,sister?,,,,,,,,,,,,,,
AITA,for,selling,my,company,without,asking,my,then,teenage,children,,,,,,,,,,,,,,,,,,,,,,
AITA,For,forcing,an,employee,to,take,a,medical,leave,against,her,will,,,,,,,,,,,,,,,,,,,,
AITA,for,telling,my,step,father,to,get,out,of,my,house,if,he,doesn't,like,me,,,,,,,,,,,,,,,,
AITA,for,getting,upset,at,my,husband,for,pulling,a,hazing,prank,on,me,,,,,,,,,,,,,,,,,,,
AITA,for,not,letting,Ex,and,her,husband,tag,along,on,a,camping,trip,with,my,son?,,,,,,,,,,,,,,,,
AITA,for,telling,my,mom,she,was,ruining,my,life?,,,,,,,,,,,,,,,,,,,,,,,
AITA,for,making,making,my,husband,stay,in,the,basement?,,,,,,,,,,,,,,,,,,,,,,,
AITA,for,lying,to,my,sister,in,law,about,our,wedding,date?,,,,,,,,,,,,,,,,,,,,,
AITA,for,asking,someone,to,leave,a,room,that,I,booked?,,,,,,,,,,,,,,,,,,,,,,
AITA,for,not,agreeing,to,be,used,to,keep things calm,while,my,boyfriend's,daughter,studies?,,,,,,,,,,,,,,,,,,,
AITA,for,saying,that,I'm,not,going,to,include,my,step-daughter,in,everything,I,do,with,my,biological,daughter?,,,,,,,,,,,,,,
AITA,for,buying,thrift,dresses,for,our,wedding?,,,,,,,,,,,,,,,,,,,,,,,,,
AITA,for,kicking,out,my,brother’s,girlfriend,after,she,made,fun,of,my,wife’s,accent?,,,,,,,,,,,,,,,,,,
AITA,for,giving,my,daughter,a,dozen,of,colorful,eggs,to,give,to,her,brother?,,,,,,,,,,,,,,,,,,
AITA,for,telling,my,cousin's,boyfriend,that,he,doesn't,get,to,have,an,opinion,until,he,pays,my,bills?,,,,,,,,,,,,,,
AITA,for,refusing,to,pay,my,friend,who,cared,for,my,boyfriend,due,to,her,“innocent,mistake”?,,,,,,,,,,,,,,,,
AITA,for,hiding,my,girlfriend's,sentimental,forks,,,,,,,,,,,,,,,,,,,,,,,,,,
AITA,for,not,having,pads/tampons,in,my,apartment?,,,,,,,,,,,,,,,,,,,,,,,,,
AITA,for,crying,in,class,and,getting,someone,suspended?,,,,,,,,,,,,,,,,,,,,,,,,
AITA,for,choosing,to,go,out,of,town,for,my,boyfriend's,birthday,the,same,month,that,my,sister,is,due,to,give,birth?,,,,,,,,,,
AITA,For,dressing,my,daughters,in,boys,clothes?,,,,,,,,,,,,,,,,,,,,,,,,,
AITA,for,not,wanting,to,visit,my,bio,father,who,is,seriously,ill,after,he,and,my,bio,mother,refused,to,see,me,for,years?,,,,,,,,
WIBTA,If,I,took,my,tenant,to,small,claims,after,evicting,her?,,,,,,,,,,,,,,,,,,,,,
AITA,if,I,tell,my,wife,I,don't,want,to,have,kids,because,I,don't,think,she,can,look,after,them,well.,,,,,,,,,,,
AITA,For,Returning,To,School,and,Leaving,My,Brother,Without,A,Baby-sitter.,,,,,,,,,,,,,,,,,,,,,
AITA,for,leaving,zoom,call,with,family,after,the,way,my,mom,talked,to,my,fiancée?,,,,,,,,,,,,,,,,,
AITA,for,charging,my,husband,for,taking,care,of,his,dog?,,,,,,,,,,,,,,,,,,,,,,
AITA,for,gaslighting,this,girl,and,making,her,lose,all,her,friends?,,,,,,,,,,,,,,,,,,,,,
AITA,for,cursing,out,a,neighbor,and,refusing,to,be,the,neighborhood,handyman?,,,,,,,,,,,,,,,,,,,,
AITA,for,telling,my,mom,I'm,not,going,to,babysit?,,,,,,,,,,,,,,,,,,,,,,,
Aita,for,not,wanting,my,husband,to,take,in,his,daughter,,,,,,,,,,,,,,,,,,,,,,
AITA,for,telling,my,son,we’re,“broke”?,,,,,,,,,,,,,,,,,,,,,,,,,,
AITA,for,potentially,putting,a,severely,disabled,woman,on,the,street,for,my,child?,,,,,,,,,,,,,,,,,,,
AITA,for,telling,my,wife,her,business,has,failed?,,,,,,,,,,,,,,,,,,,,,,,,
AITA,For,cussing,out,my,husband,after,he,got,our,daughters,ears,pierced?,,,,,,,,,,,,,,,,,,,,
AITA,for,locking,the,gate,to,my,yard?,,,,,,,,,,,,,,,,,,,,,,,,,
AITA,My,SIL,left,her,baby,with,me,without,warning,after,I,expressly,refused,to,babysit.,,,,,,,,,,,,,,,,,
AITA,for,telling,my,sister,to,leave,after,she,got,angry,at,me,and,my,kids,for,making,loud,noises,in,MY,own,home,,,,,,,,,
AITA,for,helping,younger,sister,financially,with,her,baby,but,not,my,other,sister?,,,,,,,,,,,,,,,,,,,
AITA,for,telling,my,dying,sister,that,I,won’t,be,her,daughter's,guardian?,,,,,,,,,,,,,,,,,,,,
AITA,for,telling,my,"dad,",his,stepdaughter,isn't,my,responsibility?,,,,,,,,,,,,,,,,,,,,,,,
AITA,for,making,my,mom,cry?,,,,,,,,,,,,,,,,,,,,,,,,,,,
AITAH,for,offering,my,coworker,menstrual tea?,,,,,,,,,,,,,,,,,,,,,,,,,,,
AITA,for,not,wanting,to,marry,my,sister,and,her,fiancé?,,,,,,,,,,,,,,,,,,,,,,
AITA,for,refusing,to,pay,for,my,daughter's,wedding?,,,,,,,,,,,,,,,,,,,,,,,,
AITA,for,asking,my,daughter,to,get,rid,of,a,spider,for,me?,,,,,,,,,,,,,,,,,,,,
AITA,for,telling,my,wife,“you,made,your,"bed,",now,lie,in,it”?,,,,,,,,,,,,,,,,,,,,
AITA,for,telling,my,dad's,wife,I,never,ask,her,for,anything,when,she,was,complaining,about,people,taking,advantage,of,her?,,,,,,,,,,,
AITA,for,asking,my,'uncle',to,walk,me,down,the,aisle,instead,of,my,mom?,,,,,,,,,,,,,,,,,,
AITA,for,going,home,because,my,gf,wanted,me,to,eat,leftovers?,,,,,,,,,,,,,,,,,,,,,
AITA,for,allowing,my,fiancé,to,be,at,my,house,while,I’m,on,the,phone?,,,,,,,,,,,,,,,,,,
AITA,for,not,giving,my,money,to,my,parents,knowing,they,will,spend,it,on,my,sister?,,,,,,,,,,,,,,,,
AITA,for,telling,my,daughter,her,dad,can’t,afford,to,send,her,to,private,school?,,,,,,,,,,,,,,,,,,
AITA,for,telling,my,parents,I,will,never,turn,against,my,sister?,,,,,,,,,,,,,,,,,,,,,
WIBTA,if,I,take,a,job,offer,even,though,it,would,ruin,a,family,members,life,,,,,,,,,,,,,,,,,
AITA,for,asking,my,daughter,not,to,use,our,family's,generational,name?,,,,,,,,,,,,,,,,,,,,,
AITA,for,teaching,the,platinum,rule,by,example,,,,,,,,,,,,,,,,,,,,,,,,,
AITA,For,towing,a,car,that,was,blocking,part,of,my,driveway,,,,,,,,,,,,,,,,,,,,,
AITA,for,not,wanting,to,help,my,stepmother,while,my,dad,is,out,of,state?,,,,,,,,,,,,,,,,,,
AITA,for,changing,our,last,name?,,,,,,,,,,,,,,,,,,,,,,,,,,,
AITA,For,getting,mad,at,my,ex,for,cutting,our,sons,hair?,,,,,,,,,,,,,,,,,,,,,
WIBTA,if,I,refuse,to,sell,my,house,below,market,value,,,,,,,,,,,,,,,,,,,,,,
AITA,for,storming,out,of,my,friend's,house,after,he,put,alcohol,in,my,drink?,,,,,,,,,,,,,,,,,,
AITA,for,Causing,a,Huge,Fight,Over,a,Movie,at,Someone,Else's,Birthday,Party?,,,,,,,,,,,,,,,,,,,
AITA,for,accusing,my,brother,of,being,gay,instead,of,studying,all,day?,,,,,,,,,,,,,,,,,,,,
AITA,for,saying,no,to,a,16,year,old,family,member?,,,,,,,,,,,,,,,,,,,,,,
AITA,for,revealing,a,child’s,existence,that,my,sister,tried,to,hide?,,,,,,,,,,,,,,,,,,,,,
AITA,for,not,letting,12,year,old,SIL,crash,my,wedding,in,pajamas?,,,,,,,,,,,,,,,,,,,,
AITA,For,Not,Wanting,To,Share,The,Money,My,Uncle,Gave,Me,With,My,Cousins?,,,,,,,,,,,,,,,,,,
AITA,for,refusing,to,download,Life360,even,though,my,mom,wants,me,to?,,,,,,,,,,,,,,,,,,,,
AITA,for,not,splitting,my,inheritance,with,my,“step,family.”,,,,,,,,,,,,,,,,,,,,,,,
AITA,for,thinking,leaving,poop,on,a,bath,towel,is,grounds,to,move,out?,,,,,,,,,,,,,,,,,,,
AITA,for,refusing,to,pay,my,friend,for,her,work?,,,,,,,,,,,,,,,,,,,,,,,
AITA,for,telling,my,mum,that,I,am,not,childcare,for,my,younger,brother?,,,,,,,,,,,,,,,,,,,
AITA,for,saying,no,to,naming,my,daughter,what,my,fiancé,wants,,,,,,,,,,,,,,,,,,,,,
AITA,for,hiding,my,estrogen,pills,because,my,girlfriend,started,using,them?,,,,,,,,,,,,,,,,,,,,,
AITA,For,allowing,my,son,to,have,several,pets,but,not,my,step,daughter?,,,,,,,,,,,,,,,,,,,
AITA,for,not,giving,a,bully’s,mom,a,promotion?,,,,,,,,,,,,,,,,,,,,,,,,
AITA,for,not,look,for,my,roommates,package?,,,,,,,,,,,,,,,,,,,,,,,,,
AITA,For,telling,my,mother,to,fuck,off,after,she,tried,to,force,me,to,talk?,,,,,,,,,,,,,,,,,
AITA,for,arguing,after,someone,said,my,brother,shouldn't,have,been,born?,,,,,,,,,,,,,,,,,,,,,
AITA,for,calling,my,mom,a,terrible,parent,and,temporarly,running,away,after,learning,she,listens,to,my,therapy,sessions.,,,,,,,,,,,,,
AITA,for,not,giving,my,sister's,sick,daughter,a,place,to,stay?,,,,,,,,,,,,,,,,,,,,,
AITA,for,ruining,my,mom's,relationship?,,,,,,,,,,,,,,,,,,,,,,,,,,,
Aita,for,liking,my,stepdad,but,not,my,stepmom?,,,,,,,,,,,,,,,,,,,,,,,,
AITA,for,having,tons,of,house,plants,even,though,I,don’t,take,care,of,them,myself?,,,,,,,,,,,,,,,,,
AITA,for,not,wanting,to,throw,out,the,dreamcatcher,my,aunt,gave,me?,,,,,,,,,,,,,,,,,,,,
AITA,for,taking,my,car,back?,,,,,,,,,,,,,,,,,,,,,,,,,,,
AITA,For,wanting,my,roommate,to,pay,for,at,least,half,of,my,dog's,vet,bill,,,,,,,,,,,,,,,,,
AITA,for,Refusing,to,Let,my,Daughters,Classmate,Sit,Next,to,my,Daughter,at,her,Birthday?,,,,,,,,,,,,,,,,,
AITA,for,asking,my,friend,to,stop,talking,about,her,abortion?,,,,,,,,,,,,,,,,,,,,,,
AITA,for,saying,I,won't,come,to,my,child's,birth?,,,,,,,,,,,,,,,,,,,,,,,
AITA,for,telling,my,sister,I,will,never,support,her,again,if,she,goes,back,to,her,ex?,,,,,,,,,,,,,,,
AITA,for,trying,to,get,my,girls,interested,in,my,hobbies/interests,instead,of,getting,into,theirs?,,,,,,,,,,,,,,,,,
AITA,for,telling,my,stepmom,she,should,stop,being,rude,to,my,grandmother?,,,,,,,,,,,,,,,,,,,,
AITA,for,not,attending,Ex,Wife’s,son’s,funeral?,,,,,,,,,,,,,,,,,,,,,,,,,
AITA,for,screaming,at,my,best,friends,boyfriend?,,,,,,,,,,,,,,,,,,,,,,,,,
AITA,for,raising,my,voice,at,an,autistic,kid?,,,,,,,,,,,,,,,,,,,,,,,,
AITA,for,not,wanting,my,stepdad,to,be,father,of,the,bride,at,my,wedding?,,,,,,,,,,,,,,,,,,
AITA,for,going,to,my,estranged,daughter’s,fire,academy,graduation?,,,,,,,,,,,,,,,,,,,,,,,
AITA,for,kicking,my,husband,out,of,our,loft?,,,,,,,,,,,,,,,,,,,,,,,,
AITA/WIBTA,for,reporting,my,teacher,over,a,bad,grade,after,he,verbally,gave,us,the,necessary,info?,,,,,,,,,,,,,,,,
AITA,for,telling,my,nephew,that,sometimes,people,want,to,eat,on,their,own,,,,,,,,,,,,,,,,,,,
AITA,for,telling,my,mom,to,lay,off,her,dress,code,crap?,,,,,,,,,,,,,,,,,,,,,
AITA,for,closing,my,work,laptop,when,my,husband,is,around,,,,,,,,,,,,,,,,,,,,,,
Aita,for,declining,lifts,from,my,girlfriend,after,she,said,she,didn’t,want,to,drive,me,to,work,anymore,,,,,,,,,,,,,,
WIBTA,for,not,sending,my,step-son,to,his,bio-mom's,wedding?,,,,,,,,,,,,,,,,,,,,,,,
AITA,for,saying,I,won’t,go,to,my,cousin’s,wedding,because,she,accused,of,me,trying,to,sleep,with,her,fiancé?,,,,,,,,,,,,
AITA,for,making,my,grandma,cry,and,refusing,to,apologize?,,,,,,,,,,,,,,,,,,,,,,,
AITA,for,not,funding,my,sick,brother's,medical,treatments?,,,,,,,,,,,,,,,,,,,,,,,,
AITA,for,refusing,to,make,peace,with,SIL,until,she,apologises?,,,,,,,,,,,,,,,,,,,,,,
AITA,for,telling,my,GF,I’d,like,her,to,“dress,up”,more,when,we,go,out?,,,,,,,,,,,,,,,,,
AITA,for,calling,the,police,on,my,half-sister,because,of,something,my,step-family,did?,,,,,,,,,,,,,,,,,,,
AITA,for,pointing,out,to,my,parents,that,they,treat,my,sister,better,than,me?,,,,,,,,,,,,,,,,,,
AITA,for,telling,my,friend,to,stop,asking,for,presents?,,,,,,,,,,,,,,,,,,,,,,,
AITA,for,throwing,my,sister,out,of,my,house,at,her,own,birthday,party?,,,,,,,,,,,,,,,,,,,
AITA,for,reporting,my,neighbor,for,a,code,violation?,,,,,,,,,,,,,,,,,,,,,,,,
AITA,for,not,letting,my,ex,move,into,my,flat?,,,,,,,,,,,,,,,,,,,,,,,
AITA,for,refusing,to,label,a,school,tv,show,as,parental advisory,for,including,gay,content?,,,,,,,,,,,,,,,,,,
AITA,for,shopping,in,the,plus,sized,section?,,,,,,,,,,,,,,,,,,,,,,,,,
AITA,for,not,wanting,a,baby,to,sleep,in,my,room?,,,,,,,,,,,,,,,,,,,,,,
AITA,for,not,letting,my,sister,live,with,me,after,she,said,she,wouldn't,help,with,my,kids?,,,,,,,,,,,,,,,
AITA,for,not,sharing,my,jacket,with,my,coworker,when,its,cold,out?,,,,,,,,,,,,,,,,,,,,
AITA,for,not,wanting,my,nephew,in,my,room?,,,,,,,,,,,,,,,,,,,,,,,,
AITA,for,wanting,my,boyfriend,to,train,his,dog,to,not,lick,my,face?,,,,,,,,,,,,,,,,,,,
AITA,For,leaving,my,wife,outside,without,keys,while,I,played,World,of,Warcraft?,,,,,,,,,,,,,,,,,,,
AITA,For,refusing,to,change,my,sons,pull,ups?,,,,,,,,,,,,,,,,,,,,,,,,
AITA,for,not,going,into,delivery,room,with,ex,when,she,went,into,labor?,,,,,,,,,,,,,,,,,,,
AITA,for,freaking,out,when,told,I've,sheltered,my,son?,,,,,,,,,,,,,,,,,,,,,,,
AITA,for,getting,mad,at,a,waitress,after,she,told,me,they,couldn't,sell,me,wine,because,she,thought,I,was,a,minor,with,a,fake,ID?,,,,,,
AITA,For,refusing,to,allow,my,sisters,kids,into,my,house?,,,,,,,,,,,,,,,,,,,,,,
AITA,for,telling,my,GF,I’m,not,giving,my,cat,to,my,parents,so,we,can,move,in,together?,,,,,,,,,,,,,,
AITA,for,giving,my,friend,her,iPad,back?,,,,,,,,,,,,,,,,,,,,,,,,,
AITA,for,getting,a,classmate,kicked,out,of,class,for,accusing,me,of,mansplaining?,,,,,,,,,,,,,,,,,,,
AITA,For,not,wanting,to,take,in,my,sister-in-laws,new,baby?,,,,,,,,,,,,,,,,,,,,,,
AITA,for,charging,my,partner,rent,for,living,in,the,house,I,own?,[WLW],,,,,,,,,,,,,,,,,,,
Aita,for,muting,all,calls,and,texts,from,my,boss,outside,of,work?,,,,,,,,,,,,,,,,,,,,
AITA,for,ignoring,my,bf’s,twin,after,she,made,insulting,comments,about,my,hair?,,,,,,,,,,,,,,,,,,,
AITA,for,canceling,my,girlfriends,niece,birthday,party,because,of,her,daughter?,,,,,,,,,,,,,,,,,,,,,
AITA,for,not,giving,my,sisters,cat,back,to,her?,,,,,,,,,,,,,,,,,,,,,,,
AITA,for,telling,hubby,to,stop,helping,when,I,play,a,game?,,,,,,,,,,,,,,,,,,,,,
AITA,for,not,returning,a,large,sum,of,money,that,I,got,for,donating,an,organ,when,the,recipient,died,before,I,could,do,so?,,,,,,,,
AITA,for,expecting,my,sister's,boyfriend,to,pay,my,dog's,vet,bill?,UPDATE,,,,,,,,,,,,,,,,,,,,
AITA,for,telling,my,wife,that,it,is,ridiculous,to,complain,about,my,mom,“playing,favorites”?,,,,,,,,,,,,,,,,,
AITA,for,buying,a,sandwich,for,a,homeless,woman?,,,,,,,,,,,,,,,,,,,,,,,,
AITA,for,saying,that,I,don’t,care,about,my,cousin’s,problems,with,me?,,,,,,,,,,,,,,,,,,,,
AITA,for,bringing,the,kids,I,babysit,with,me,to,take,my,girlfriend,to,the,hospital?,,,,,,,,,,,,,,,,,
WIBTA,for,contacting,my,mom’s,neurologist,“behind,her,back”,about,my,concerns,for,her?,,,,,,,,,,,,,,,,,,,
AITA,for,asking,my,husband's,family,to,translate,when,I,can't,speak,a,language?,,,,,,,,,,,,,,,,,,,
AITA,for,not,wanting,to,change,custody,arrangements,so,my,son,could,bring,his,dog,on,my,time?,,,,,,,,,,,,,,,
AITA,for,having,a,go,at,my,sister,for,ruining,my,pregnancy,announcement?,,,,,,,,,,,,,,,,,,,,
Aita,for,threatening,to,kick,my,boyfriend,out,for,not,paying,rent,,,,,,,,,,,,,,,,,,,,,
AITA,for,starting a fight,over,my,fiance,refusing,to,let,my,son,play,soccer?,,,,,,,,,,,,,,,,,,,,
AITA,for,pre,mixing,my,liquor,so,my,husband,won't,drink,it??,,,,,,,,,,,,,,,,,,,,,
AITA,for,wanting,to,kick,my,SIL,and,her,boyfriend,to,the,curb,when,they,have,nowhere,to,go?,,,,,,,,,,,,,,
WIBTA,if,i,start,putting,vaseline,on,the,front,door,of,my,apartment?,,,,,,,,,,,,,,,,,,,,
AITA,for,refusing,to,speak,to,my,ex,about,anything,except,visitation,when,he,accused,me,of,animal,cruelty?,,,,,,,,,,,,,,
AITA,for,not,honoring,my,grandmother's,dying,wish?,,,,,,,,,,,,,,,,,,,,,,,,,
AITA,for,telling,my,mom,I,will,never,be,in,her,stepson's,kid's,life,,,,,,,,,,,,,,,,,,,
AITA,for,giving,my,niece,and,nephew,money,for,and,nonvegan,foods,even,though,their,parents,asked,me,to,stop?,,,,,,,,,,,,,
AITA,for,disagreeing,with,my,vegan,friend?,,,,,,,,,,,,,,,,,,,,,,,,,,
AITA,for,exposing,my,Father’s,crime,against,me,on,Facebook?,,,,,,,,,,,,,,,,,,,,,,,
AITA,for,not,doing,my,husband’s,laundry?,,,,,,,,,,,,,,,,,,,,,,,,,,
WIBTA,if,I,sued,my,dad,for,child,support?,,,,,,,,,,,,,,,,,,,,,,,,
AITA,for,not,wanting,to,be,in,the,delivery,room,when,my,EX,goes,into,labor?,,,,,,,,,,,,,,,,,
AITA,for,overruling,my,husband's,veto,and,inviting,my,mom,to,stay,with,us,for,3,weeks,after,our,baby,is,born?,,,,,,,,,,,
AITA,for,telling,my,SIL,who,is,a,professional,chef,to,stop,being,a,loudmouth,after,she,decided,to,be,a,backseat,cook,in,my,kitchen?,,,,,,,
AITA,For,giving,my,daughter,baby,things,I,bought,for,my,other,daughter?,,,,,,,,,,,,,,,,,,,,
AITA,for,selling,the,family,home,that’s,been,in,my,late,husband’s,family,since,1908,,,,,,,,,,,,,,,,,,
AITA,for,not,being,considerate,of,my,sister’s,feelings,by,making,a,pregnancy,announcement,without,telling,her?,,,,,,,,,,,,,,,,
AITA,for,calling,out,my,niece's,excuse,for,wearing,a,thong,around,the,house,when,she,was,staying,over,with,us?,,,,,,,,,,,,
AITA,for,not,wanting,to,pay,for,something,that,broke,while,I,was,babysitting?,,,,,,,,,,,,,,,,,,,
AITA,for,walking,out,on,meeting,my,girlfriend’s,family,after,I,told,her,I,was,uncomfortable,with,meeting,them,all,at,the,same,time?,,,,,,,,,
AITA,for,Telling,my,"daughter,",her,moving,in,with,her,bf,was,a,stupid,idea.,,,,,,,,,,,,,,,,,,
WIBTA,if,I,bought,my,abusive,ex's,house?,,,,,,,,,,,,,,,,,,,,,,,,,
AITA,for,paying,more,for,my,son’s,college,tuition,compared,to,my,daughter’s,tuition?,,,,,,,,,,,,,,,,,,,
AITA,for,not,eating,my,mom’s,food?,,,,,,,,,,,,,,,,,,,,,,,,,,
AITA,for,telling,my,friend,just,because,I,work,with,kids,doesn’t,mean,I,want,to,be,around,her,kids,or,anyone’s,kids?,,,,,,,,,,
AITA,for,telling,my,brother,that,he's,a,bastard,with,his,partners,after,he,said,that,it's,impossible,not,to,cheat,on,your,partner,after,so,many,years,of,relationship?,,,
AITA,For,telling,my,mom,shes,a,deadbeat?,,,,,,,,,,,,,,,,,,,,,,,,,
AITA,For,not,siding,with,my,husband,after,what,he,told,my,parents?,,,,,,,,,,,,,,,,,,,,
AITA:,My,roommate,accused,me,of,cultural,appropriation.,,,,,,,,,,,,,,,,,,,,,,,,,
AITA,For,'holding,the,fact,that,I,own,our,house',over,my,gf,,,,,,,,,,,,,,,,,,,,
AITA,for,not,telling,my,coworker,to,get,a,8”,sub,as,opposed,to,a,16”,sub?,,,,,,,,,,,,,,,,
AITA,for,witholding,his,phone,and,making,my,husband,shit,his,pants?,,,,,,,,,,,,,,,,,,,,,
AITA,for,not,apologizing,for,yelling,at,my,aunt,who,made,me,homeless?,,,,,,,,,,,,,,,,,,,,
AITA,for,not,giving,my,PS4,to,my,friend?,,,,,,,,,,,,,,,,,,,,,,,,
AITA,for,letting,my,daughter,have,bugs,in,her,room,to,teach,her,a,lesson,about,stealing?,,,,,,,,,,,,,,,,
AITA,for,making,plans,to,get,rid,of,the,cats,that,my,wife,and,kids,bought?,,,,,,,,,,,,,,,,,
AITA,for,telling,my,friend,to,only,come,to,me,for,help,if,she,wants,to,divorce,her,husband?,,,,,,,,,,,,,,
AITA,for,standing,up,to,the,bf,about,my,cat?,,,,,,,,,,,,,,,,,,,,,,,
AITA,for,not,letting,my,son,clean,up,dogs,feces,left,behind,by,my,BFs,dog?,,,,,,,,,,,,,,,,,
AITA,for,not,wanting,anything,to,do,with,my,highly,disabled,secret,brother.,,,,,,,,,,,,,,,,,,,,
AITA,for,getting,upset,that,my,friend,was,trying,to,force,my,daughter,to,nap?,,,,,,,,,,,,,,,,,,
AITA,for,throwing,something,unsanitary,away,which,caused,a,meltdown,,,,,,,,,,,,,,,,,,,,,,,
AITA,for,buying,"clothes,","makeup,",and,jewelry,that,my,sisters,like,but,can’t,afford?,,,,,,,,,,,,,,,,,,,
AITA,for,saying,I,didn't,want,to,discuss,things,with,my,dad's,wife,there?,,,,,,,,,,,,,,,,,,,
AITA,for,spending,my,dad's,money,on,a,trip,with,my,aunt,instead,of,stepmom?,,,,,,,,,,,,,,,,,,
WIBTA,for,writing,a,bad,review,of,my,friend's,short,film,inspired,by,my,mental,illness?,,,,,,,,,,,,,,,,,
WIBTA,for,getting,a,DNA,test?,,,,,,,,,,,,,,,,,,,,,,,,,,,
AITA,if,I,stop,accommodating,my,bio,halfsister's,need,to,play family,with,me?,,,,,,,,,,,,,,,,,,,,
WIBTA,for,not,allowing,my,MIL,to,travel,with,us,in,the,future,,,,,,,,,,,,,,,,,,,,
AITA,for,not,learning,the,signs,of,low,sugars,for,my,stepdaughter?,,,,,,,,,,,,,,,,,,,,,
AITA,for,telling,my,husband,to,let,my,sister,continue,to,interact,with,our,son?,,,,,,,,,,,,,,,,,,
AITA,For,Wanting,Privacy,From,My,Dad,and,Locking,the,Door,,,,,,,,,,,,,,,,,,,,,,
AITA,for,refusing,to,help,family,since,I,have,been,burned,before?,,,,,,,,,,,,,,,,,,,,,
AITA,for,telling,my,mom,that,she,should,consider,her,role,in,my,brothers,anger,since,our,dad,died?,,,,,,,,,,,,,,
WIBTA,when,I,tell,my,boss,that,my,new,colleague,wants,to,get,pregnant,as,soon,as,she,has,a,contract,,,,,,,,,,,,
AITA,for,telling,my,mother,to,leave,and,never,come,back?,,,,,,,,,,,,,,,,,,,,,,
AITA,for,kicking,out,my,friends,boyfriend,from,our,group,chat,because,he,kept,mentioning,my,weight?,,,,,,,,,,,,,,,,
AITA,for,not,being,at,my,disabled,neighbor's,beck,and,call?,,,,,,,,,,,,,,,,,,,,,,
AITA,for,locking,my,door?,,,,,,,,,,,,,,,,,,,,,,,,,,,,
AITA,for,giving,my,dog,a,Japanese,name,when,I'm,white?,,,,,,,,,,,,,,,,,,,,,,
WIBTA,if,I,reported,a,girl,from,my,dorm,for,bringing,her,boyfriend,into,the,girl's,shower?,,,,,,,,,,,,,,,,
WIBTA,if,I,countermand,my,daughter’s,mother?,,,,,,,,,,,,,,,,,,,,,,,,,,
AITA,for,cussing,someone,out,for,saying,my,relationship,with,my,dad,is,borderline,incestual?,,,,,,,,,,,,,,,,,,
AITA,for,asking,my,parents,about,money,they've,nonconsentually,taken,from,me?,,,,,,,,,,,,,,,,,,,,,
AITA,for,kidnapping,my,brother?,,,,,,,,,,,,,,,,,,,,,,,,,,,,
AITA,for,not,letting,my,MIL,sit,in,the,front?,,,,,,,,,,,,,,,,,,,,,,,
AITA,for,not,giving,my,daughter,her,late,mother’s,ring,on,her,18th,birthday,because,of,what,she,said,to,her,stepsister?,,,,,,,,,,,
AITA,for,refusing,to,discussing,rehoming,my,dog,and,telling,my,ex,that,he,can,do,visitation,elsewhere,if,he,has,an,issue,with,it,,,,,,,,
AITA,for,not,letting,my,boyfriend,dilute,the,wine?,,,,,,,,,,,,,,,,,,,,,,,,
AITA,for,refusing,to,speak,to,my,boyfriend,in,his,native,language?,,,,,,,,,,,,,,,,,,,,,
AITA,for,letting,people,think,a,co-worker,is,ableist,,,,,,,,,,,,,,,,,,,,,,,,
WIBTA,(19F),if,I,ask,my,dad,not,to,bring,up,my,dead,grandmother,on,my,"birthday,",AGAIN?,,,,,,,,,,,,,,,
AITA,for,giving,the,in,law,suite,to,my,daughter,after,I,told,my,step-daughter,she,couldn't,have,it,because,we,were,going,to,rent,it?,,,,,,,
AITA,for,refusing,to,give,my,young,BIL,my,Pokemon,cards?,,,,,,,,,,,,,,,,,,,,,,
AITA,for,reporting,a,woman,for,stealing,paper,towels?,,,,,,,,,,,,,,,,,,,,,,,,
AITA,For,Telling,My,Wife's,BIL,He,Isn't,My,Brother?,,,,,,,,,,,,,,,,,,,,,,,
AITA,for,calling,the,police,on,a,"thief,",and,getting,his,friend,in,trouble?,,,,,,,,,,,,,,,,,,,
AITA,for,not,telling,off,my,"daughter,",even,though,she,refuses,to,defend,her,pick me,cousin,from,online,attacks,at,school?,,,,,,,,,,,,
AITA,for,not,having,ketchup,on,the,off,chance,my,in-laws,come,visit?,,,,,,,,,,,,,,,,,,,,
AITA,for,not,letting,my,MIL,announce,my,pregnancy,,,,,,,,,,,,,,,,,,,,,,,,
AITA,for,laughing,in,my,brother’s,face,when,he,suggested,I,apologize?,,,,,,,,,,,,,,,,,,,,,
Aita,for,not,helping,my,sister,and,my,nephew,,,,,,,,,,,,,,,,,,,,,,,,
AITA,For,openly,disagreeing,with,my,future,MIL,over,my,hypothetical,children?,,,,,,,,,,,,,,,,,,,,,
AITA,for,causing,my,teacher,to,be,suspended,from,work,after,she,questioned,the,age,at,which,I,got,pregnant,during,a,class?,,,,,,,,,,
AITA,for,not,letting,my,friend's,kid,sit,on,a,dining,chair?,,,,,,,,,,,,,,,,,,,,,
AITA,for,kicking,my,housemate,out,for,smoking,inside?,,,,,,,,,,,,,,,,,,,,,,,,
Aita,for,getting,mad,at,my,mother,in,law,for,cooking,a,meal,in,our,house,,,,,,,,,,,,,,,,,
AITA,for,calling,a,woman,a,bitch,when,she,berated,me,for,something,she,did,herself?,,,,,,,,,,,,,,,,,
AITA,for,not,telling,my,boyfriend,I,did,heroin,once?,,,,,,,,,,,,,,,,,,,,,,,
AITA,for,putting,my,mom,on,a,strict,need-to-know,basis,because,she,is,a,blabber,mouth?,,,,,,,,,,,,,,,,,
AITA,for,telling,my,parents,that,they’re,too,strict,to,the,point,that,it’s,ruining,my,life?,,,,,,,,,,,,,,,,
AITA,for,telling,my,neighbor,that,it's,not,normal,how,often,one of those days,is,happening?,,,,,,,,,,,,,,,,,,,
AITA,For,Not,Letting,My,Friend’s,Daughter,Come,Over,After,Her,Disturbing,‘Prank’?,,,,,,,,,,,,,,,,,,,,
AITA,for,not,leaving,our,room,so,my,stepbrother,could,have,his,therapy,session,and,not,caring,about,him,anymore?,,,,,,,,,,,,,
WIBTA,for,not,giving,my,siblings,my,inheritance,money,,,,,,,,,,,,,,,,,,,,,,,,
AITA,for,leaving,my,wife,to,do,everything,around,the,house,while,I,spent,a,day,with,my,father?,,,,,,,,,,,,,,
AITA,for,not,pronouncing,words,the,American,way?,,,,,,,,,,,,,,,,,,,,,,,,,
AITA,for,getting,a,kid,banned,from,class?,,,,,,,,,,,,,,,,,,,,,,,,,
AITA,for,forcing,my,roommates,to,eat,Chinese,food?,,,,,,,,,,,,,,,,,,,,,,,,
AITA,for,refusing,to,help,fund,my,step,daughters,trip,to,the,Philippines?,,,,,,,,,,,,,,,,,,,,
AITA,for,cancelling,this,babysitting,gig,if,the,family,is,being,super,unreasonable?,,,,,,,,,,,,,,,,,,,,
AITA,for,freaking,out,over,a,joke?,,,,,,,,,,,,,,,,,,,,,,,,,,
AITA,for,refusing,to,let,my,daughter,go,to,her,dads,house,for,overnights?,,,,,,,,,,,,,,,,,,,
AITA,for,staying,with,the,kid,I,nanny,during,her,parent,day?,,,,,,,,,,,,,,,,,,,,,
AITA,for,doing,everything,naked,because,my,gay,roommate,won't,stop,being,naked,all,the,time?,,,,,,,,,,,,,,,,,
AITA,for,not,co-signing,for,a,house?,,,,,,,,,,,,,,,,,,,,,,,,,,
AITA,for,getting,mad,about,a,(harmless),prank?,,,,,,,,,,,,,,,,,,,,,,,,,
AITA,for,telling,my,parents,they’re,nuts,for,wanting,to,have,another,baby?,,,,,,,,,,,,,,,,,,,,
AITA,for,refusing,to,do,sister,favors,because,she,hasn’t,paid,me,back,for,staying,in,a,motel,room?,,,,,,,,,,,,,,
AITA,for,not,getting,my,sister,a,birthday,gift,after,she,got,her,kids,the,Christmas,gifts,she,asked,me,to,buy,for,them?,,,,,,,,,
AITA,for,not,inviting,my,friend,to,my,birthday,party,after,she,told,me,that,I,got,pregnant,on,purpose,because,my,husband,is,wealthy?,(she,said,it,was,a,joke),,
AITA,for,buying,my,fiance,a,new,car?,,,,,,,,,,,,,,,,,,,,,,,,,
AITA,for,telling,my,little,cousin,to,be,careful,about,what,he,talks,to,his,Mom,about?,,,,,,,,,,,,,,,,
AITA,for,refusing,to,uninvite,my,friend,from,our,annual,get,together,because,my,girlfriend,is,uncomfortable?,,,,,,,,,,,,,,,,
AITA,for,not,letting,a,family,member,take,my,bunny,for,a,“test,run”?,,,,,,,,,,,,,,,,,,,
AITA,for,not,helping,my,former,roommate,until,she,apologizes,for,things,she,said,during,a,manic,episode?,,,,,,,,,,,,,,,
AITA,for,telling,my,counsellor,about,my,mom,,,,,,,,,,,,,,,,,,,,,,,,,
AITA,For,telling,my,wife,I,would,go,to,bed,earlier,if,she,would,let,me,have,some,alone,time,,,,,,,,,,,,,
AITA,for,getting,mad,my,fam,sabotaged,my,future?,,,,,,,,,,,,,,,,,,,,,,,,
AITA,for,not,changing,my,daughter’s,name?,,,,,,,,,,,,,,,,,,,,,,,,,,
AITA,for,planning,family,vacations,that,my,SIL,can’t,afford,,,,,,,,,,,,,,,,,,,,,,,
AITA,for,telling,my,in-laws,my,husband,and,I,can't,sleep,in,separate,rooms,anymore?,,,,,,,,,,,,,,,,,,
AITA,for,'blocking',family,during,my,miscarriage?,,,,,,,,,,,,,,,,,,,,,,,,,,
AITA,for,ordering,my,bf,a,taxi,because,he,said,he,was,too,tired,to,drive?,,,,,,,,,,,,,,,,,
WIBTA,for,announcing,my,pregnancy,after,my,friend,lost,her,daughter?,,,,,,,,,,,,,,,,,,,,,,
AITA,for,invading my friend's privacy?,,,,,,,,,,,,,,,,,,,,,,,,,,,,,,
AITA,for,letting,my,pregnant,girlfriend,exclude,my,sister,from,her,baby,shower,because,of,her,superstitions?,,,,,,,,,,,,,,,,
WIBTA,if,I,told,a,friend,her,situation,is,her,own,fault?,,,,,,,,,,,,,,,,,,,,,
AITA,For,getting,mad,at,my,parents,for,insisting,I'm,a,hero?,,,,,,,,,,,,,,,,,,,,,
AITA,for,singling,out,my,black,roommate,when,it,comes,to,leaving,hair,in,the,shower?,,,,,,,,,,,,,,,,,
AITA,for,thinking,my,wife,should,take,some,of,the,blame,for,missing,her,appointment?,,,,,,,,,,,,,,,,,,
AITA,for,overreacting,when,i,found,out,my,bf,threw,away,a,teddy,bear,that,meant,a,lot,to,me,,,,,,,,,,,,,
AITA,for,saying,that,having,kids,while,being,young,is,not,always,the,best?,,,,,,,,,,,,,,,,,,,
AITA,for,leaving,historical,artwork,on,the,wall,while,on,ZOOM?,,,,,,,,,,,,,,,,,,,,,,
AITA,when,I,set,an,alarm,to,see,how,long,it,took,my,husband,to,bring,the,dog,inside?,,,,,,,,,,,,,,
AITA,because,I,dont,want,to,sleep,in,my,boyfriend’s,bed?,,,,,,,,,,,,,,,,,,,,,,
AITA,for,not,leaving,class,to,get,my,sister,juice,,,,,,,,,,,,,,,,,,,,,,,
AITA,if,I,don't,want,to,give,my,parents,pocket,money?,,,,,,,,,,,,,,,,,,,,,,
AITA,for,not,personally,messaging,my,Mom's,friend,to,let,her,know,she,was,passing,away?,,,,,,,,,,,,,,,,,
AITA,for,refusing,to,let,my,sister,and,her,young,kids,visit,me?,,,,,,,,,,,,,,,,,,,,
AITA,for,making,my,friend,feel,bad,about,her,body?,,,,,,,,,,,,,,,,,,,,,,,
AITA,for,going,to,two,different,"schools,",in,different,time,"zones,",and,snapping,at,them,for,it?,,,,,,,,,,,,,,,,
AITA,for,enforcing,an,agreement,with,my,partner,over,the,dog?,,,,,,,,,,,,,,,,,,,,,,
AITA,for,keeping,my,cat,away,from,my,elderly,neighbour?,,,,,,,,,,,,,,,,,,,,,,,
AITA,For,making,daughter,give,rocks,back,to,national,park?,,,,,,,,,,,,,,,,,,,,,,,
AITA,for,saying,I,don't,want,to,spend,time,with,my,sister,on,my,birthday?,,,,,,,,,,,,,,,,,,
AITA,for,not,cleaning,any,of,the,communal,areas,in,our,apartment?,,,,,,,,,,,,,,,,,,,,,
AITA,for,having,a,framed,x,ray,on,my,wall,visible,during,class?,,,,,,,,,,,,,,,,,,,,
AITA,for,refusing,to,help,my,family,purchase,a,house,using,up,all,of,my,savings?,,,,,,,,,,,,,,,,,
AITA,for,charging,extra,fees,despite,there,being,a,pandemic?,,,,,,,,,,,,,,,,,,,,,,,
AITA,for,kicking,my,friend,out,of,my,car,for,not,wearing,a,seatbelt?,,,,,,,,,,,,,,,,,,,
AITA,for,telling,my,stepsister,not,to,ask,me,for,help,,,,,,,,,,,,,,,,,,,,,,
AITA,for,accidentally,melting,my,roommate’s,Tupperware,in,the,oven?,,,,,,,,,,,,,,,,,,,,,,,
AITA,for,asking,my,mom,why,she,was,still,hung,up,over,her,divorce,and,embarrassing,her?,,,,,,,,,,,,,,,,
AITA,For,Calling,My,Sister,Fat,And,Not,Letting,Her,Wear,My,Bracelet?,,,,,,,,,,,,,,,,,,,,
AITA,for,refusing,to,sign,an,affidavit,to,benefit,someone,else?,,,,,,,,,,,,,,,,,,,,,,
AITA,for,not,apologizing,for,my,mom,almost,getting,fired?,,,,,,,,,,,,,,,,,,,,,,,
AITA,for,gambling,half,of,my,kids',college,funds,(and,winning)?,,,,,,,,,,,,,,,,,,,,,,
AITA,for,telling,people,to,stop,calling,me,a,girl?,,,,,,,,,,,,,,,,,,,,,,,
AITA,for,not,wanting,to,scoop,cat,litter,for,my,pregnant,wife,,,,,,,,,,,,,,,,,,,,,
AITA,for,asking,my,girlfriend,to,throw,out,her,ex's,things?,,,,,,,,,,,,,,,,,,,,,,
AITA?,Gf,angry,at,me,for,traveling,without,her.,Refuses,to,find,a,better,job,or,save.,,,,,,,,,,,,,,,,
AITA,for,telling,a,friend,one,of,his,biggest,traumas,was,partly,his,fault?,,,,,,,,,,,,,,,,,,,
AITA,for,telling,my,brother,not,everything,is,about,him,and,he,needs,to,get,over,himself?,,,,,,,,,,,,,,,,
AITA,for,causing,a,rift,in,my,family,over,my,Mothers,will,,,,,,,,,,,,,,,,,,,,,
AITA,for,saying,i,would,call,my,partners,dad,and,tell,him,hes,never,living,in,the,granny,flat,on,our,property,after,wishing,my,mum,was,dead,so,he,could,live,there
AITA(27M),for,getting,my,mom,to,fire,her,maid,,,,,,,,,,,,,,,,,,,,,,,,
WIBTA,if,I,asked,to,live,with,my,dad,and,step-mom,rather,than,my,mom,and,step-dad?,,,,,,,,,,,,,,,,
AITA,for,not,allowing,my,sister,and,her,kids,to,move,in,with,me?,,,,,,,,,,,,,,,,,,,
AITA,for,telling,my,fiance,it's,either,me,or,the,tablecloth?,,,,,,,,,,,,,,,,,,,,,,
AITA,for,using,inheritance,money,,,,,,,,,,,,,,,,,,,,,,,,,,,,
AITA,(Planning,a,vacation,but,brother,and,sister-in-law,get,mad,when,I,don't,invite,them.),,,,,,,,,,,,,,,,,,
AITA,for,not,inviting,my,family,to,my,wedding,,,,,,,,,,,,,,,,,,,,,,,,
AITA,for,insisting,my,fiance,work?,,,,,,,,,,,,,,,,,,,,,,,,,,,
AITA,for,suggesting,to,a,morbidly,obese,friend,that,she,ask,her,doctor,about,Adderall?,,,,,,,,,,,,,,,,,,
AITA,for,saying,that,my,boyfriend,lacks,the,competence,to,call,himself,a,psychologist.,,,,,,,,,,,,,,,,,,,
AITA,for,telling,my,sister,that,she,is,welcome,to,stay,with,"me,",but,not,her,dog?,,,,,,,,,,,,,,,,
AITA,for,telling,my,daughter,that,her,approval,won't,stop,me,finding,love?,,,,,,,,,,,,,,,,,,,,
AITA,for,referring,to,my,kid’s,stepmom/my,wife,as,their,mom,against,my,ex’s,wishes?,,,,,,,,,,,,,,,,,,
AITA,for,“making,a,scene”,at,all,the,surprise,parties,my,mom,has,planned?,,,,,,,,,,,,,,,,,,,
AITA,for,wanting,my,sister,to,pay,for,the,fishtank,her,son,broke?,,,,,,,,,,,,,,,,,,,,
AITA,for,telling,my,brother,not,to,ask,for,honesty,when,he,never,wants,to,hear,it?,,,,,,,,,,,,,,,,
AITA,For,Refusing,to,Support,My,Cousin's,Writing,Career,and,Telling,Her,to,Get,a,Job,,,,,,,,,,,,,,,,,
AITA,For,stealing,my,brother,+,his,friends?,,,,,,,,,,,,,,,,,,,,,,,,,
Aita,for,making,this,comment,at,school,that,made,2,girls,cry?,,,,,,,,,,,,,,,,,,,,,
AITA,for,telling,my,girlfriend,she,needs,to,get,over,me,buying,a,coffee,for,my,friend?,,,,,,,,,,,,,,,,
AITA,for,not,learning,my,husband’s,native,language?,,,,,,,,,,,,,,,,,,,,,,,,,
AITA,for,asking,my,son's,grandmother,to,leave,when,she,insulted,me?,,,,,,,,,,,,,,,,,,,,,
AITA,for,telling,my,brother-in-law,to,stop,shitting,in,the,bathroom,with,the,door,open,while,eating,food?,,,,,,,,,,,,,,,
AITA,for,not,telling,my,MIL,about,her,son,and,I,getting,sterilized?,,,,,,,,,,,,,,,,,,,,
AITA,FOR,NOT,INFORMING,MY,HALF,SISTER,ABOUT,HER,HUSBAND'S,2ND,FAMILY?,,,,,,,,,,,,,,,,,,,,,
AITA,for,not,wanting,to,give,my,switch,back?,,,,,,,,,,,,,,,,,,,,,,,,
AITA,for,expecting,my,sister's,boyfriend,to,pay,my,dog's,vet,bill?,,,,,,,,,,,,,,,,,,,,,
AITA,for,holding,a,grudge,against,my,mother,for,over,a,"year,",even,after,she,apologized?,,,,,,,,,,,,,,,,,
AITA,for,embarrassing,my,MIL,over,her,emotional issues,and,making,her,cry?,,,,,,,,,,,,,,,,,,,,,
AITA,for,allowing,my,son,to,stop,seeing,his,father?,,,,,,,,,,,,,,,,,,,,,,,
AITA,because,I,won't,let,my,nieces,use,my,crafting,supplies,even,though,it,would,be,a,bonding,experience?,,,,,,,,,,,,,,
AITA,for,backing,out,of,a,vacation,where,I,wasn’t,being,treated,fairly,by,my,“friends”?,,,,,,,,,,,,,,,,,
AITA,for,telling,him,he,has,no,choice?,,,,,,,,,,,,,,,,,,,,,,,,,
AITA,for,moving,and,letting,my,mom,stay,homeless,,,,,,,,,,,,,,,,,,,,,,,,
AITA,For,paying,my,neighbours,child,to,bang,on,the,wall,whenever,my,girlfriend,practices,her,singing?,,,,,,,,,,,,,,,,
AITA,for,not,letting,my,cousin,borrow,my,favorite,book?,,,,,,,,,,,,,,,,,,,,,,,
AITA,for,rejecting,a,present,from,my,fiancé?,,,,,,,,,,,,,,,,,,,,,,,,,
AITA,for,not,having,a,real,job?,,,,,,,,,,,,,,,,,,,,,,,,,,
AITA,for,“lying”,about,getting,a,tattoo,,,,,,,,,,,,,,,,,,,,,,,,,,
AITA,for,punishing,my,son?,,,,,,,,,,,,,,,,,,,,,,,,,,,,
AITA,for,not being chatty or giggly,around,my,mother,after,being,told,repeatedly,that,my,voice,and,laugh,are,annoying?,,,,,,,,,,,,,,,,
AITA,for,not,returning,my,cat,to,its,“rightful,owner”,,,,,,,,,,,,,,,,,,,,,,,
AITA,for,calling,the,police,on,a,"sick,",single,mother?,,,,,,,,,,,,,,,,,,,,,,,
AITA,-,Bf,wants,ME,to,gift,MY,work,to,HIS,client,,,,,,,,,,,,,,,,,,,,,
AITA,for,calling,my,sister,embarrassing,and,telling,her,she,should,be,embarrassed,too?,,,,,,,,,,,,,,,,,,,
AITA,for,not,letting,my,son’s,former,“dad”,visit?,,,,,,,,,,,,,,,,,,,,,,,,
AITA,for,telling,my,mum,that,she,is,creating,a,future,drug,addict,,,,,,,,,,,,,,,,,,,,
AITA,for,refusing,to,give,my,mom,a,percent,of,my,monthly,allowance?,,,,,,,,,,,,,,,,,,,,
AITA,for,not,letting,my,daughter,meet,a,boy,who,I,think,has,no,future?,,,,,,,,,,,,,,,,,,
AITA,for,declining,to,look,after,my,parent's,children?,,,,,,,,,,,,,,,,,,,,,,,,
AITA,for,being,honest,with,my,mom,and,telling,her,why,she,and,i,don’t,bond,like,my,stepmom,and,i,do?,,,,,,,,,,,
AITA,for,not,cooking,for,my,boyfriend,until,he,does,the,dishes?,,,,,,,,,,,,,,,,,,,,,
AITA,for,buying,an,expensive,necklace,for,my,ex,wife's,daughter?,,,,,,,,,,,,,,,,,,,,,,
AITA,Kicking,my,brother's,GF's,family,off,my,Netflix?,,,,,,,,,,,,,,,,,,,,,,,,
"Aita,",for,not,sharing,garden?,,,,,,,,,,,,,,,,,,,,,,,,,,,,
AITA,for,banning,my,husband,from,eating,baby,food?,,,,,,,,,,,,,,,,,,,,,,,,
AITA,for,snapping,at,my,friend,that,keeps,saying,it'd,be,cool to be blind?,,,,,,,,,,,,,,,,,,,,,
AITA,for,not,making,my,BFF,my,MOH?,,,,,,,,,,,,,,,,,,,,,,,,,
AITA,for,still,expecting,to,share,a,blanket,with,a,friend,on,our,second,night,in,a,one-bed,hotel,room?,,,,,,,,,,,,,
AITA,for,evicting,my,brother?,,,,,,,,,,,,,,,,,,,,,,,,,,,,
AITA,for,not,supporting,my,sister?,,,,,,,,,,,,,,,,,,,,,,,,,,,
AITA,for,refusing,to,help,support,my,brother’s,family,despite,that,I,“stole”,their,inheritance?,,,,,,,,,,,,,,,,,,
AITA,for,not,giving,my,adult,son,a,job,in,my,company,because,of,his,attitude?,,,,,,,,,,,,,,,,,
AITA,for,not,going,on,vacations,or,trips,with,my,family?,,,,,,,,,,,,,,,,,,,,,,
AITA,for,telling,my,step-mother-in-law,she,is,not,my,kid’s,grandma?,,,,,,,,,,,,,,,,,,,,,,
Aita,for,telling,my,parents,they,can’t,use,our,only,bedroom,in,our,1,bedroom,apartment,if,they,visit?,,,,,,,,,,,,,,
AITA,for,putting,my,foot,down,on,where,we,have,a,wedding,ceremony.,,,,,,,,,,,,,,,,,,,,
AITA,for,not,returning,my,neighbor’s,package,after,repeatedly,telling,her,to,fix,the,address?,,,,,,,,,,,,,,,,,,
AITA,for,not,making,my,daughter,tell,her,friend's,mom,where,the,friend,is?,,,,,,,,,,,,,,,,,,,
AITA,for,forcing,my,sister,to,live in servitude,,,,,,,,,,,,,,,,,,,,,,,,,,
AITA,for,suing,my,uncle?,,,,,,,,,,,,,,,,,,,,,,,,,,,,
AITA,for,standing,firm,and,not,sending,my,social,security,number,through,email,to,my,ex,boss?,,,,,,,,,,,,,,,,
AITA,for,telling,my,friend,she,doesn’t,have,the,voice,for,singing,like,I,do?,,,,,,,,,,,,,,,,,,
AITA:,Told,my,boss,‘his,feelings,are,for,therapy’.,,,,,,,,,,,,,,,,,,,,,,,,
AITA,for,refusing,to,go,on,vacation,with,my,boyfriend,and,his,ex-wife?,,,,,,,,,,,,,,,,,,,,
AITA,for,for,declining,to,read,my,coworker’s,manuscript,it,because,it’s,young,adult,genre,fiction?,,,,,,,,,,,,,,,,,
AITA,for,not,letting,my,daughter,move,back,in,with,us,after,she(22F),quit,her,job,and,decided,she,wanted,to,go,back,to,college,,,,,,,,
AITA,for,not,accepting,my,18,year,old,daughter’s,piece,of,artwork,because,I,don’t,have,a,place,for,it?,,,,,,,,,,,,,
AITA,for,disabling,Microsoft,Teams,at,work,to,force,people,to,email,me?,,,,,,,,,,,,,,,,,,,,
AITA,for,CCing,my,boss’s,boss?,,,,,,,,,,,,,,,,,,,,,,,,,,,
AITA,for,letting,my,nephew,take,dance,classes,in,secret?,,,,,,,,,,,,,,,,,,,,,,,
AITA,for,refusing,to,subsidise,this,girl's,rent?,,,,,,,,,,,,,,,,,,,,,,,,,
AITA,for,not,waking,up,at,5am,to,do,dishes?,,,,,,,,,,,,,,,,,,,,,,,
AITA,for,booting,out,my,BIL,after,he,disregarded,our,agreement?,,,,,,,,,,,,,,,,,,,,,,
AITA,for,refusing,to,cook,what,my,family,wants,for,dinner,because,I,was,tired,from,working,out?,,,,,,,,,,,,,,,
AITA,for,wanting,a,new,phone,after,finding,out,I,am,pregnant?,,,,,,,,,,,,,,,,,,,,,
AITA,for,tipping,the,waitress,,,,,,,,,,,,,,,,,,,,,,,,,,,,
AITA,for,telling,my,fiancé’s,mom,I,didn’t,want,to,do,a,tribute,to,deceased,family,members,at,our,wedding?,,,,,,,,,,,,,
AITA,for,not,letting,my,ex,move?,,,,,,,,,,,,,,,,,,,,,,,,,,
AITA,for,telling,my,daughter,she,indulges,her,cat,too,much,and,needs,to,grow,up,for,her,own,sake?,,,,,,,,,,,,,
WIBTA,for,clovering,my,lawn?,,,,,,,,,,,,,,,,,,,,,,,,,,,,
AITA,for,telling,my,nephews,mom,to,talk,to,my,brother,if,she,has,concerns,relating,to,inclusion?,,,,,,,,,,,,,,,
AITA,for,reminding,my,BF,about,his,hygiene?,,,,,,,,,,,,,,,,,,,,,,,,,
AITA,for,refusing,my,friend's,birthday,dinner,invitation,because,the,restaurant,it's,too,expensive?,,,,,,,,,,,,,,,,,,,
AITA,for,only,selecting,two,of,my,six,kids,to,go,to,an,event,with,me?,,,,,,,,,,,,,,,,,
AITA,for,not,giving,into,my,SIL's,insane,request,over,a,DOLL!?,,,,,,,,,,,,,,,,,,,,,
AITA,if,I,gave,my,old,guitar,to,my,non-musician,daughter,instead,of,my,musician,son?,,,,,,,,,,,,,,,,,
AITA,for,letting,guys,spend,money,on,me,,,,,,,,,,,,,,,,,,,,,,,,,
AITA,for,not,explaining,movies,anymore?,,,,,,,,,,,,,,,,,,,,,,,,,,,
AITA,for,prioritizing,money,over,my,brother’s,education?,,,,,,,,,,,,,,,,,,,,,,,,,
AITA,for,keeping,a,portrait,of,me,over,the,mantle?,,,,,,,,,,,,,,,,,,,,,,,
WIBTA,for,asking,my,director,if,I,can,replace,my,sister,as,the,lead,role,in,a,play?,,,,,,,,,,,,,,,
AITA,for,correcting,my,girlfriend,when,she,said,she,was,valedictorian?,,,,,,,,,,,,,,,,,,,,,,
AITA,for,not,wanting,my,brother,to,see,me,naked?,,,,,,,,,,,,,,,,,,,,,,,
AITA,for,telling,my,girlfriend,I,am,not,comfortable,with,her,coming,back,over,my,house,after,she,made,multiple,comments,about,how,“attractive”,she,found,my,father?,,,,,
AITA,for,wanting,to,monitor,my,daughter's,social,media?,,,,,,,,,,,,,,,,,,,,,,,,
AITA,for,telling,my,sister,it's,not,my,job,to,parent,her,stepsons?,,,,,,,,,,,,,,,,,,,,
AITA,for,giving,one,girl,I,teach,harder,work,than,her,sister,,,,,,,,,,,,,,,,,,,,,
AITA,for,hiding,a,book,from,my,dad,that,my,mom,wrote,for,me?,,,,,,,,,,,,,,,,,,,
AITA,for,being,upset,with,my,sister,because,she’s,treating,me,like,her,husband?,,,,,,,,,,,,,,,,,,,
AITA,for,not,letting,my,wife,book,her,friend's,bachelorette,trip,with,my,credit,card?,,,,,,,,,,,,,,,,,,
AITA,for,snapping,at,my,mum,that,her,pretty little girl,was,actually,obese,and,she,should,stop,glorifying,weight.,,,,,,,,,,,,,,,
AITA,for,telling,my,BFs,mom,to,mind,her,business?,,,,,,,,,,,,,,,,,,,,,,,
AITA,for,saying,I,would,have,dated,my,boyfriend’s,twin?,,,,,,,,,,,,,,,,,,,,,,,
AITA,for,not,calling,my,step-dad,dad?,,,,,,,,,,,,,,,,,,,,,,,,,,
AITA,for,refusing,to,pay,for,a,food,mistake?,,,,,,,,,,,,,,,,,,,,,,,,
AITA,for,constantly,“hurting”,MIL’s,feelings,and,“annoying,her”,regarding,her,relationship,with,my,children?,,,,,,,,,,,,,,,,,,
AITA,for,telling,my,mom,she,is,a,bitch?,,,,,,,,,,,,,,,,,,,,,,,,
AITA,for,wanting,to,find,my,birth,mom,and,reopening,old,wounds?,,,,,,,,,,,,,,,,,,,,,
AITA,for,not,wanting,to,wake,up,with,my,kids,at,4:30am,,,,,,,,,,,,,,,,,,,,,
AITA,for,asking,inlaws,to,not,bring,their,FOUR,dogs,when,they,visit?,,,,,,,,,,,,,,,,,,,,
AITA,for,not,covering,my,stepdad's,23k,debt?,,,,,,,,,,,,,,,,,,,,,,,,,
AITA,for,refusing,to,take,care,of,my,son,at,night,since,my,husband,doesn’t,work?,,,,,,,,,,,,,,,,,
WIBTA,if,I,don't,give,them,a,key,,,,,,,,,,,,,,,,,,,,,,,,,
AITA,for,expecting,my,friends,with,children,to,stay,in,touch?,,,,,,,,,,,,,,,,,,,,,,
AITA,for,not,letting,an,old,lady,buy,my,daughter,candy?,,,,,,,,,,,,,,,,,,,,,,
AITA,for,asking,my,bridesmaid,if,she,could,choose,another,"dress,",after,saying,she,could,choose,whatever,she,wanted?,,,,,,,,,,,,,,
AITA,For,persuading,my,cousin,to,break,up,with,his,GF,,,,,,,,,,,,,,,,,,,,,,
AITA,for,refusing,to,let,my,housemate's,dad,move,in,with,"us,",even,though,the,alternative,may,be,him,being,homeless?,,,,,,,,,,,,
AITA,for,taking,back,my,dog,that,my,father,and,brother,gave,to,their,neighbour?,,,,,,,,,,,,,,,,,,
AITA,for,wanting,to,reconnect,with,my,family’s,tribe,and,expecting,my,husband,to,help,with,the,fees?,,,,,,,,,,,,,,,
AITA,for,pointing,out,stuff,that,I,don’t,like,about,SIL,to,my,husband?,,,,,,,,,,,,,,,,,,,
AITA,for,refusing,to,give,my,uncle,a,free,cake?,,,,,,,,,,,,,,,,,,,,,,,
AITA,for,not,letting,my,family,use,my,kitchen,utensils?,,,,,,,,,,,,,,,,,,,,,,,
Update:,AITA,for,donating,to,charity,when,someone,told,me,they,didn't,want,a,gift?,,,,,,,,,,,,,,,,,,
AITA,for,not,waiting,for,my,daughter,to,eat,dinner?,,,,,,,,,,,,,,,,,,,,,,,
AITAH,for,not,allowing,my,little,sister,to,come,to,my,house?,,,,,,,,,,,,,,,,,,,,,
AITA,for,threatening,to,cut,my,best,friend,off,from,their,only,source,of,income?,,,,,,,,,,,,,,,,,,
AITA,for,hiring,a,"babysitter,",even,though,my,husband,is,home,all,day?,,,,,,,,,,,,,,,,,,,,
AITA,for,snapping,at,my,mum,and,running,away,from,"home,",leaving,my,parents,worrying,with,no,knowledge,of,where,I,am,and,if,I’m,safe,for,three,days?,,,,
AITA,for,crying,over,a,haircut?,,,,,,,,,,,,,,,,,,,,,,,,,,,
WIBTA,if,I,told,my,ex,that,she,has,2,more,weeks,to,repay,her,debt,to,me,before,I,will,be,contacting,her,parents/taking,her,to,Small,Claims,Court?,,,
AITA,for,playing,video,"games,",even,though,my,wife,tells,me,to,sleep?,,,,,,,,,,,,,,,,,,,,
AITA,82yo,woman,being,forced,into,the,garage...,,,,,,,,,,,,,,,,,,,,,,,,,
AITA,for,backing,out,of,renting,an,apartment,with,my,sister?,,,,,,,,,,,,,,,,,,,,,,
AITA,for,not,apologizing,for,a,joke?,,,,,,,,,,,,,,,,,,,,,,,,,,
AITA,for,expecting,my,wife,to,do,our,daughter's,hair?,,,,,,,,,,,,,,,,,,,,,,,
AITA,for,telling,my,daughter,to,get,a,payday,loan?,,,,,,,,,,,,,,,,,,,,,,,
AITA,for,refusing,to,talk,to,my,brother,because,he,told,my,girlfriend,no,one,cares,about,her,OCD?,,,,,,,,,,,,,,
UPDATE:,AITA,for,spending,my,dad's,money,on,a,trip,with,my,aunt,instead,of,stepmom?,,,,,,,,,,,,,,,,,
AITA,for,not,helping,my,siblings,with,their,mother's,day,gift?,,,,,,,,,,,,,,,,,,,,,,
AITA,for,not,wanting,to,say,goodbye,to,my,dying,biological,father?,,,,,,,,,,,,,,,,,,,,,
AITA,for,telling,my,GFs,friend,to,shut,up,when,she,told,me,I,should,be,washing,up,and,not,my,partner?,,,,,,,,,,,
AITA,for,not,letting,my,SiL,and,her,autistic,son,stay,with,us?,,,,,,,,,,,,,,,,,,,,
AITA,for,telling,my,friend,to,shut,the,hell,up,about,dog,meat?,,,,,,,,,,,,,,,,,,,,
AITA,-,I,cried,at,my,SILs,pregnancy,announcement,,,,,,,,,,,,,,,,,,,,,,,,
AITA,for,giving,my,neighbors,a,small,taste,of,their,own,medicine,for,constantly,blocking,my,driveway?,,,,,,,,,,,,,,,,
AITA,for,telling,my,dad,the,truth?,,,,,,,,,,,,,,,,,,,,,,,,,,
Aita,for,going,to,bed,and,not,helping,my,GF,find,her,lost,dog?,"(Well,",not,help,her,look,all,night),,,,,,,,,,,,
AITA,for,not,wanting,to,pay,to,my,friend,in,full,for,her,bachelorette?,,,,,,,,,,,,,,,,,,,
AITA,for,not,picking,up,my,drunk,girlfriend,from,the,bar?,,,,,,,,,,,,,,,,,,,,,,
AITA,for,not,wanting,to,be,around,my,s/o’s,stepdad?,,,,,,,,,,,,,,,,,,,,,,,
AITA,for,blowing,up,on,my,wife,about,a,remodel,done,on,the,kitchen,that,I,didn't,want,when,her,contractor,talked,down,to,me.,,,,,,,,
AITA,for,not,accommodating,a,couple,over,a,family?,,,,,,,,,,,,,,,,,,,,,,,,
AITA,for,not,punishing,our,toddler,son,after,he,got,into,my,wife's,beanie,baby,collection.,,,,,,,,,,,,,,,,,
AITA,for,not,letting,my,brother,and,his,family,come,live,with,me?,,,,,,,,,,,,,,,,,,,,
AITA,for,implying my coworker's baby is ugly,because,I,didn't,get,all,woobly,doobly,over,him?,,,,,,,,,,,,,,,,,,,,,
Aita,for,making,a,child,fail,an,important,school,assignment?,,,,,,,,,,,,,,,,,,,,,,,
AITA,for,refusing,to,honour,my,wife's,deceased,best,friend,in,our,daughter's,name,,,,,,,,,,,,,,,,,,,
AITA,for,yelling,at,my,dad,on,Facebook,in,defense,of,my,wife?,,,,,,,,,,,,,,,,,,,,
AITA,For,Not,Tipping?,,,,,,,,,,,,,,,,,,,,,,,,,,,,,
AITA,for,not,telling,my,wife,she,can,go,do,her,thing,now?,,,,,,,,,,,,,,,,,,,,
AITA,for,being,upset,my,mom,outed,my,pregnancy,to,everyone,when,I,asked,her,not,to?,,,,,,,,,,,,,,,,
AITA,for,not,paying,medical,expenses,billed,to,my,SO?,,,,,,,,,,,,,,,,,,,,,,,
AITA,for,not,having,a,vegan,cake,for,my,birthday?,,,,,,,,,,,,,,,,,,,,,,,
AITA,for,buying,my,GF,shoes,that,she,wanted?,,,,,,,,,,,,,,,,,,,,,,,,
AITA,for,implicitly,calling,colleague,a,coloniser?,,,,,,,,,,,,,,,,,,,,,,,,,,
AITA,for,not,tipping,the,pizza,delivery,man?,,,,,,,,,,,,,,,,,,,,,,,,,
AITA,for,‘being,childish’,to,my,ex-wife,in,front,of,our,son?,,,,,,,,,,,,,,,,,,,,,
AITA,for,standing,up,to,my,wife,for,myself,and,my,family?,,,,,,,,,,,,,,,,,,,,,
AITA,for,refusing,help,to,a,family,member,,,,,,,,,,,,,,,,,,,,,,,,,
WIBTA,for,bringing,my,boyfriend,over,even,though,my,roommate,is,terrified,of,men?,,,,,,,,,,,,,,,,,,,
AITA,for,yelling,at,my,daughter's,3rd,grade,teacher?,,,,,,,,,,,,,,,,,,,,,,,,
WIBTA,For,telling,a,customer,I,don't,like,them,,,,,,,,,,,,,,,,,,,,,,,,
AITA,for,not,rehoming,my,parrot,because,my,mom's,boyfriend,doesn't,like,him?,,,,,,,,,,,,,,,,,,,,
AITA,for,not,returning,my,friend's,blanket,that,I,spent,hours,fixing,up?,,,,,,,,,,,,,,,,,,,,
AITAH,for,not,delivering,mail,that,was,delivered,to,my,house,by,mistake,,,,,,,,,,,,,,,,,,,,
AITA,for,not,inviting,my,best,friend’s,gf,to,my,wedding?,,,,,,,,,,,,,,,,,,,,,,
WIBTA,if,I,stole,my,rock,back?,,,,,,,,,,,,,,,,,,,,,,,,,,
AITA,for,not,giving,my,cousin,a,PS5?,,,,,,,,,,,,,,,,,,,,,,,,,
AITA,for,not,letting,my,family,use,my,boyfriend's,Disney+,account?,,,,,,,,,,,,,,,,,,,,,,
AITA,for,telling,my,stepdad,he,can't,be,the,only,one,walking,me,down,the,aisle,at,my,wedding?,,,,,,,,,,,,,,
AITA,for,getting,angry,at,my,[26F],3,male,friends,"[32,31,25]",abt,a,random,boob,pic,and,calling,them,out,in,front,of,our,other,friends?,,,,,,,
AITA,for,not,responding,to,my,mother,and,leaving,the,dinner,table,after,she,joked,about,stealing,money,from,me?,,,,,,,,,,,,,
AITA,for,telling,my,brother,that,the,shared,bank,account,we,have,is,shared,between,us,for,a,reason,after,he,got,mad,at,me,for,using,it?,,,,,
AITA,for,not,inviting,my,mother,to,big,events,in,my,life,because,she,has,repeatedly,insisted,she,wants,nothing,to,do,with,my,partner?,,,,,,,,
AITA,for,telling,my,SIL,I,can’t,redo,a,project,for,her,wedding,that’s,in,2,weeks?,,,,,,,,,,,,,,,,
AITA,for,refusing,to,eat,my,grandmother's,meal,due,to,how,she,washes,her,dishes,and,silverware?,,,,,,,,,,,,,,,,
AITA,for,telling,my,husband,not,to,put,pepper,in,the,eggs,before,cooking,and,not,to,put,cold,water,on,a,hot,pan?,,,,,,,,,
AITA,I,told,my,sister,she,is,impossible,to,live,with,and,now,she,won’t,talk,to,me,,,,,,,,,,,,,,,
AITA,for,not,buying,my,nephew,-3,a,new,bed?,,,,,,,,,,,,,,,,,,,,,,,
AITA,for,allowing,classmates,to,call,me,by,a,nickname,that,my,mother,only,wants,my,twin,sister,to,have?,,,,,,,,,,,,,
AITA,for,not,considering,how,my,tattoos,would,reflect,on,my,parents?,,,,,,,,,,,,,,,,,,,,,
AITA,for,telling,my,brother,he,is,the,one,who,caused,my,eating,disorder,and,i,don’t,care,if,he,feels,bad.,,,,,,,,,,,
AITA,for,saying,my,lesbianism,was,a,'phase'?,,,,,,,,,,,,,,,,,,,,,,,,,
WIBTA,for,contradicting,his,baby,mama,on,when,they,broke,up?,,,,,,,,,,,,,,,,,,,,,,
Aita,for,laughing,at,my,friend,for,buying,my,girlfriend,flowers,on,Valentine’s,Day?,,,,,,,,,,,,,,,,,,,
AITA,for,celebrating,on,the,day,my,boyfriend's,mom,passed,,,,,,,,,,,,,,,,,,,,,,,
AITA,for,refusing,to,help,out,my(30),sister(34),who,might,be,pregnant?,,,,,,,,,,,,,,,,,,,,,
AITA,for,wanting,to,charge,family,members,for,illustration,services?,,,,,,,,,,,,,,,,,,,,,,,
AITA,for,inviting,my,future,father,in,law,over,without,telling,my,fiancée,or,her,mother?,He’s,suffered,enough.,,,,,,,,,,,,,,
AITA,for,sending,a,terse,card,back,to,my,NC,father,after,he,sent,me,a,birthday,card,and,$100?,,,,,,,,,,,,,
AITA,for,yelling,at,my,boyfriend,after,he,sent,my,child,to,bed,without,dinner,,,,,,,,,,,,,,,,,,
AITA,for,calling,my,friend,ableist?,,,,,,,,,,,,,,,,,,,,,,,,,,,
AITA,for,not,allowing,my,cousins,to,come,back,to,my,room,if,they,visit?,,,,,,,,,,,,,,,,,,
AITA,for,telling,my,daughter,to,clean,after,herself,or,I,will?,,,,,,,,,,,,,,,,,,,,,
AITA,for,thinking,that,eggs,are,vegan,when,they're,actually,not,and,potentially,ruining,our,business?,,,,,,,,,,,,,,,,,
AITA,for,taking,my,boyfriend,to,a,magic,show?,,,,,,,,,,,,,,,,,,,,,,,,
AITA,for,not,giving,back,things,that,turned,out,to,be,worth,a,lot,of,money?,,,,,,,,,,,,,,,,,
AITA,for,not,offering,my,mom,both,of,my,entire,college,refund,checks?,,,,,,,,,,,,,,,,,,,,
AITA,for,giving,an,ultimatum,that,if,we,don't,go,over,our,finances,"together,",I,won't,put,in,for,our,tiny,home?,,,,,,,,,,,
AITA,for,parking,my,car,in,my,garage,,,,,,,,,,,,,,,,,,,,,,,,,
AITA,for,buying,a,PS5,from,a,scalper,for,valentine's,day?,,,,,,,,,,,,,,,,,,,,,,
AITA,for,setting,boundaries,with,my,mom,and,sister?,,,,,,,,,,,,,,,,,,,,,,,,
AITA,for,throwing,away,a,package,I,thought,was,a,scam?,,,,,,,,,,,,,,,,,,,,,,
AITA,for,walking,out,on,my,D&amp;D,group,mid-session?,,,,,,,,,,,,,,,,,,,,,,,,
AITA,for,wanting,to,buy,food,for,my,bio-son?,,,,,,,,,,,,,,,,,,,,,,,,
WIBTA,if,I,left,my,mom,to,take,care,of,my,disabled,brother,alone?,,,,,,,,,,,,,,,,,,,
AITA,for,not,correcting,my,fiancé,when,he,made,an,incorrect,statement,about,women's health,and,then,telling,our,friends,to,mind,their,own,business,in,a,non,polite,"manner""",,,,
AITA,for,getting,upset,at,a,friend,for,testing,me?,,,,,,,,,,,,,,,,,,,,,,,
AITA,for,asking,my,girlfriend,not,to,pay,my,tenants',rent?,,,,,,,,,,,,,,,,,,,,,,
AITA,for,asking,my,daughter’s,father,to,take,down,the,photos,of,our,daughter,(10mo),off,of,his,dating,apps,,,,,,,,,,,,,
AITA,for,telling,my,husband,to,cancel,his,OnlyFans,account,and,stop,paying,for,subscriptions!,,,,,,,,,,,,,,,,,,
AITA,for,not,wanting,to,change,my,job?,,,,,,,,,,,,,,,,,,,,,,,,,
AITA,for,eating,meat,in,front,of,a,vegan,person?,,,,,,,,,,,,,,,,,,,,,,,
AITA,for,telling,my,sick,mother,it's,her,own,fault,our,relationship,is,so,bad?,,,,,,,,,,,,,,,,,,
AITA,for,telling,my,pregnant,best,friend,she,couldn’t,stay,at,my,house?,,,,,,,,,,,,,,,,,,,,
WIBTA,if,I,accept,an,apology,but,don't,reconcile?,,,,,,,,,,,,,,,,,,,,,,,,
AITA,for, holding a grudge,against,my,university,classmate?,,,,,,,,,,,,,,,,,,,,,,,,,,
Aita,if,I,told,my,mom,I,have,a,life,too?,,,,,,,,,,,,,,,,,,,,,,
AITA,for,telling,an,old,family,secret,when,I'm,not,100%,sure,what,happened?,,,,,,,,,,,,,,,,,,,
AITA,for,not,wanting,to,ever,meet,my,best,friend's,daughter?,,,,,,,,,,,,,,,,,,,,,,
AITA,for,not,waiting,for,my,brother,to,get,out,of,prison,to,get,married?,,,,,,,,,,,,,,,,,,
AITA,For,choosing,my,dog,over,family?,,,,,,,,,,,,,,,,,,,,,,,,,,
AITA,for,not,inviting,my,friend,to,my,wedding,and,then,uninviting,another,friend?,,,,,,,,,,,,,,,,,,,
AITA,for,thinking,my,girlfriend,shouldn’t,speak,ill,of,the,dead?,,,,,,,,,,,,,,,,,,,,,,
WIBTA,for,telling,my,teacher,to,stop,emailing,my,mom,about,my,pc?,,,,,,,,,,,,,,,,,,,,
AITA,for,telling,my,roommate,not,to,use,my,bathroom?,,,,,,,,,,,,,,,,,,,,,,,
AITA,for,not,letting,my,toddler,son,take,a,bath,in,beer?,,,,,,,,,,,,,,,,,,,,,
AITA,for,refusing,dumplings,for,Chinese,New,Year?,,,,,,,,,,,,,,,,,,,,,,,,,
AITA,for,telling,my,mom,that,she,reaps,what,she,sows,and,that’s,why,I,avoid,telling,her,about,my,best,friend?,,,,,,,,,,,
AITA,for,refusing,to,lie,to,my,doctor,in,order,to,get,herpes,medication,for,my,boyfriend?,,,,,,,,,,,,,,,,
AITA,for,not,letting,my,boyfriend,bring,drinks,into,the,bedroom,at,night,because,he,constantly,keeps,spilling,them,and,not,cleaning,them,up?,,,,,,,,,
AITA,for,refusing,to,help,financially,support,my,estranged,pregnant,daughter?,,,,,,,,,,,,,,,,,,,,,,
AITA,for,not,wanting,to,name,my,daughter,after,my,wife's,grandmother?,,,,,,,,,,,,,,,,,,,,,
AITA,telling,my,friend,that,she,only,got,a,job,due,to,nepotism?,,,,,,,,,,,,,,,,,,,,
AITA,for,naming,my,son,after,my,ex?,,,,,,,,,,,,,,,,,,,,,,,,,
WIBTA,if,I,locked,ALL,of,my,things,in,my,room?,,,,,,,,,,,,,,,,,,,,,,
AITA,for,'stealing',a,crochet,artists,pattern?,,,,,,,,,,,,,,,,,,,,,,,,,,
AITA,for,calling,my,sisters,disgusting?,,,,,,,,,,,,,,,,,,,,,,,,,,,
AITA,for,shouting,at,my,mum,after,embarrassing,me,and,not,caring,about,my,education,,,,,,,,,,,,,,,,,,
AITA,for,trying to put a woman in the kitchen,,,,,,,,,,,,,,,,,,,,,,,,,,,,,,
AITA,for,not,eating,a,homemade,cake,for,my,aunt's,birthday?,,,,,,,,,,,,,,,,,,,,,,
WIBTA,if,i,decide,to,not,get,a,paternity,test?,,,,,,,,,,,,,,,,,,,,,,,
AITA,if,I,report,the,person,who,crashed,into,me,to,have,their,license,revoked?,,,,,,,,,,,,,,,,,,
AITA,for,scattering,my,cat’s,"ashes,",against,my,boyfriend’s,wishes?,,,,,,,,,,,,,,,,,,,,,,,
AITA,for,making,light,of,my,daughter's,court,case?,,,,,,,,,,,,,,,,,,,,,,,,
AITA,for,telling,my,sister,not,to,invite,her,friends,over,at,our,house,anymore?,,,,,,,,,,,,,,,,,,
AITA,for,not,letting,my,boyfriend,use,the,bathroom?,,,,,,,,,,,,,,,,,,,,,,,,
AITA,for,telling,my,grandma,to,f*ck,off,after,she,got,nasty,with,me,for,not,letting,my,kids,meet,a,certain,family,member?,,,,,,,,,
AITA,for,taking,my,mug,back,from,my,roommate’s,room?,,,,,,,,,,,,,,,,,,,,,,,
AITA,for,being,annoyed,when,my,stepbrother,brings,his,1,year,old,daughter,over,to,our,house?,,,,,,,,,,,,,,,,
AITA,for,correcting,people,who,assume,my,stepmom,is,my,mom?,,,,,,,,,,,,,,,,,,,,,,
AITA,for,Convincing,my,Landlord,to,Evict,my,Roommate?,,,,,,,,,,,,,,,,,,,,,,,,
AITA,for,telling,this,girl,I,could,see,her,nipples?,,,,,,,,,,,,,,,,,,,,,,,
WIBTA,If,I,Called,Out,My,Sister,,,,,,,,,,,,,,,,,,,,,,,,,,
AITA,for,telling,my,mother,to,abandon,her,dreams,of,me,ever,having,kids?,,,,,,,,,,,,,,,,,,,
AITA,for,using,my,brother’s,report,cards,against,him?,,,,,,,,,,,,,,,,,,,,,,,,
AITA,for,letting,my,son,give,his,nanny,a,valentine’s,gift?,,,,,,,,,,,,,,,,,,,,,,
AITA,for,telling,my,sister,that,she,isn't,getting,what,she,wants,out,of,relationships,because,of,her,weight?,,,,,,,,,,,,,,
AITA,for,getting,married,the,way,I,and,my,partner,want,even,though,it,upsets,my,family?,,,,,,,,,,,,,,,,
AITA,For,spoiling,one,niece,more,than,others?,,,,,,,,,,,,,,,,,,,,,,,,,
AITA,for,locking,myself,in,my,study,everyday,and,not,taking,care,of,the,kids,because,my,husband,takes,to,long,to,shit?,,,,,,,,,,
AITA,for,being,upset,that,a,close,friend,stole,the,name,I,have,planned,for,my,baby?,,,,,,,,,,,,,,,,
AITA,for,not,telling,my,ex,I,was,putting,down,‘our’,dog?,,,,,,,,,,,,,,,,,,,,,
AITA,for,not,taking,my,dead,sisters,dog?,,,,,,,,,,,,,,,,,,,,,,,,,
AITA,for,“publicizing”,my,roommate’s,strange,weekly,mess?,,,,,,,,,,,,,,,,,,,,,,,,,
AITA,for,fighting,with,my,brother's,girlfriend,when,she,invaded,my,space?,,,,,,,,,,,,,,,,,,,,,
AITA,for,stealing,my,cat,back,from,my,mom?,,,,,,,,,,,,,,,,,,,,,,,,
AITA,for,being,angry,that,my,family,ate,the,entire,pint,of,ice,cream,I,bought?,,,,,,,,,,,,,,,,,
AITA,for,not,inviting,my,friend,along,on,what,was,supposed,to,be,a,romantic,date,with,my,partner?,,,,,,,,,,,,,,
AITA,for,not,letting,my,husband,get,a,different,cat?,,,,,,,,,,,,,,,,,,,,,,,
AITA,for,being,mad,that,my,parents,used,my,money,to,buy,me,a,car,without,asking,me?,,,,,,,,,,,,,,,
AITA,because,I,sent,a,$25 ,giftcard,to,a,baby,shower,I,attended,virtually?,,,,,,,,,,,,,,,,,,,
AITA,for,not,letting,my,Auntie’s,friend,borrow,my,hoodie?,,,,,,,,,,,,,,,,,,,,,,,
AITA,for,demanding,privacy?,,,,,,,,,,,,,,,,,,,,,,,,,,,,,
AITA,for,telling,my,friends,that,appearances,do,"matter,",personality,isn’t,everything?,,,,,,,,,,,,,,,,,,,,,
AITA,(we),for,selling,our,home,by,ourselves,and,not,using,my,real,estate,agent,BIL?,,,,,,,,,,,,,,,,,
AITA,for,not,telling,my,gf,about,a,scholarship,because,I,thought,she,could,get,it,instead,of,me?,,,,,,,,,,,,,,
AITA,for,going,to,a,friend,of,mine,with,my,ingredients,after,telling,my,roommates,I,would,cook?,,,,,,,,,,,,,,,
WIBTA,if,I,refused,to,change,my,wedding,day,to,accommodate,a,religious,holiday,for,some,of,my,family,members,that,neither,my,partner,nor,I,celebrate?,,,,,,
AITA,for,blowing,up,at,my,husband,for,accepting,a,job,with,long,hours,,,,,,,,,,,,,,,,,,,
AITA,for,letting,my,boyfriend,buy,lewd art,from,a,friend?,,,,,,,,,,,,,,,,,,,,,,,
AITA,for,not,using,abstinence-only,parenting,techniques,in,regards,to,my,child's,interest,in,pyrotechnics?,,,,,,,,,,,,,,,,,,
AITA,For,Not,Letting,My,Sister,Borrow,My,Sword,Collection?,,,,,,,,,,,,,,,,,,,,,,,
AITA,Telling,my,father,to,go,to,hell,in,front,of,my,half-siblings,,,,,,,,,,,,,,,,,,,,
AITA,for,not,cleaning,up,my,son's,piss?,,,,,,,,,,,,,,,,,,,,,,,,,
AITA,for,not,allowing,my,ex,husband’s,(now,ex),girlfriend,to,call,my,kids,“her,babies”,,,,,,,,,,,,,,,,,
AITA,for,yelling,at,my,parents,and,brother,over,some,laundry,detergent?,,,,,,,,,,,,,,,,,,,,,
AITA,for,not,giving,a,car,with,a,handicapped,person,my,parking,spot?,,,,,,,,,,,,,,,,,,,,